id,Emissora,Estado,Cidade,Tipo,Site oficial,Página ao vivo,YouTube oficial,tvg-id,Logo,EPG,Presente no IPTV-org,Status,Observação,scr_servico,scr_tipo_registro,scr_canal,scr_situacao,scr_ultima_atualizacao
universitaria-cariri-tv-nao-confirmado-nao-confirmado,CARIRI TV,Não confirmado,Não confirmado,universitaria,,,,universitaria-cariri-tv-nao-confirmado-nao-confirmado,,,,confirmada,Identificada no Mapa 4.0 das TVs Universitárias; município ainda não confirmado no cadastro mestre.,,,,,
universitaria-canal-fapcom-nao-confirmado-nao-confirmado,Canal FAPCOM,Não confirmado,Não confirmado,universitaria,,,,universitaria-canal-fapcom-nao-confirmado-nao-confirmado,,,,confirmada,Identificada no Mapa 4.0 das TVs Universitárias; município ainda não confirmado no cadastro mestre.,,,,,
universitaria-canal-ifpe-nao-confirmado-nao-confirmado,Canal IFPE,Não confirmado,Não confirmado,universitaria,,,,universitaria-canal-ifpe-nao-confirmado-nao-confirmado,,,,confirmada,Identificada no Mapa 4.0 das TVs Universitárias; município ainda não confirmado no cadastro mestre.,,,,,
universitaria-canal-unigranrio-nao-confirmado-nao-confirmado,Canal UNIGRANRIO,Não confirmado,Não confirmado,universitaria,,,,universitaria-canal-unigranrio-nao-confirmado-nao-confirmado,,,,confirmada,Identificada no Mapa 4.0 das TVs Universitárias; município ainda não confirmado no cadastro mestre.,,,,,
universitaria-canal-usp-nao-confirmado-nao-confirmado,Canal USP,Não confirmado,Não confirmado,universitaria,,,,universitaria-canal-usp-nao-confirmado-nao-confirmado,,,,confirmada,Identificada no Mapa 4.0 das TVs Universitárias; município ainda não confirmado no cadastro mestre.,,,,,
universitaria-diario-campus-puc-rs-nao-confirmado-nao-confirmado,DIÁRIO CAMPUS PUC-RS,Não confirmado,Não confirmado,universitaria,,,,universitaria-diario-campus-puc-rs-nao-confirmado-nao-confirmado,,,,confirmada,Identificada no Mapa 4.0 das TVs Universitárias; município ainda não confirmado no cadastro mestre.,,,,,
universitaria-doctum-tv-nao-confirmado-nao-confirmado,DOCTUM TV,Não confirmado,Não confirmado,universitaria,,,,universitaria-doctum-tv-nao-confirmado-nao-confirmado,,,,confirmada,Identificada no Mapa 4.0 das TVs Universitárias; município ainda não confirmado no cadastro mestre.,,,,,
universitaria-estacio-fsp-webtv-nao-confirmado-nao-confirmado,ESTÁCIO-FSP WebTV,Não confirmado,Não confirmado,universitaria,,,,universitaria-estacio-fsp-webtv-nao-confirmado-nao-confirmado,,,,confirmada,Identificada no Mapa 4.0 das TVs Universitárias; município ainda não confirmado no cadastro mestre.,,,,,
universitaria-faac-webtv-nao-confirmado-nao-confirmado,FAAC WebTV,Não confirmado,Não confirmado,universitaria,,,,universitaria-faac-webtv-nao-confirmado-nao-confirmado,,,,confirmada,Identificada no Mapa 4.0 das TVs Universitárias; município ainda não confirmado no cadastro mestre.,,,,,
universitaria-fas-tv-nao-confirmado-nao-confirmado,FAS TV,Não confirmado,Não confirmado,universitaria,,,,universitaria-fas-tv-nao-confirmado-nao-confirmado,,,,confirmada,Identificada no Mapa 4.0 das TVs Universitárias; município ainda não confirmado no cadastro mestre.,,,,,
universitaria-fema-tv-nao-confirmado-nao-confirmado,FEMA TV,Não confirmado,Não confirmado,universitaria,,,,universitaria-fema-tv-nao-confirmado-nao-confirmado,,,,confirmada,Identificada no Mapa 4.0 das TVs Universitárias; município ainda não confirmado no cadastro mestre.,,,,,
universitaria-furbtv-nao-confirmado-nao-confirmado,FURBTV,Não confirmado,Não confirmado,universitaria,,,,universitaria-furbtv-nao-confirmado-nao-confirmado,,,,confirmada,Identificada no Mapa 4.0 das TVs Universitárias; município ainda não confirmado no cadastro mestre.,,,,,
universitaria-if-quixada-webtv-nao-confirmado-nao-confirmado,IF Quixadá WebTV,Não confirmado,Não confirmado,universitaria,,,,universitaria-if-quixada-webtv-nao-confirmado-nao-confirmado,,,,confirmada,Identificada no Mapa 4.0 das TVs Universitárias; município ainda não confirmado no cadastro mestre.,,,,,
universitaria-ifmt-tv-nao-confirmado-nao-confirmado,IFMT TV,Não confirmado,Não confirmado,universitaria,,,,universitaria-ifmt-tv-nao-confirmado-nao-confirmado,,,,confirmada,Identificada no Mapa 4.0 das TVs Universitárias; município ainda não confirmado no cadastro mestre.,,,,,
universitaria-metodista-webtv-nao-confirmado-nao-confirmado,METODISTA WebTV,Não confirmado,Não confirmado,universitaria,,,,universitaria-metodista-webtv-nao-confirmado-nao-confirmado,,,,confirmada,Identificada no Mapa 4.0 das TVs Universitárias; município ainda não confirmado no cadastro mestre.,,,,,
universitaria-nis-unirio-nao-confirmado-nao-confirmado,NIS UNIRIO,Não confirmado,Não confirmado,universitaria,,,,universitaria-nis-unirio-nao-confirmado-nao-confirmado,,,,confirmada,Identificada no Mapa 4.0 das TVs Universitárias; município ainda não confirmado no cadastro mestre.,,,,,
universitaria-ppgds-tv-unimontes-nao-confirmado-nao-confirmado,PPGDS TV/UNIMONTES,Não confirmado,Não confirmado,universitaria,,,,universitaria-ppgds-tv-unimontes-nao-confirmado-nao-confirmado,,,,confirmada,Identificada no Mapa 4.0 das TVs Universitárias; município ainda não confirmado no cadastro mestre.,,,,,
universitaria-prisma-play-nao-confirmado-nao-confirmado,PRISMA PLAY,Não confirmado,Não confirmado,universitaria,,,,universitaria-prisma-play-nao-confirmado-nao-confirmado,,,,confirmada,Identificada no Mapa 4.0 das TVs Universitárias; município ainda não confirmado no cadastro mestre.,,,,,
universitaria-santa-cecilia-tv-nao-confirmado-nao-confirmado,SANTA CECÍLIA TV,Não confirmado,Não confirmado,universitaria,,,,universitaria-santa-cecilia-tv-nao-confirmado-nao-confirmado,,,,confirmada,Identificada no Mapa 4.0 das TVs Universitárias; município ainda não confirmado no cadastro mestre.,,,,,
universitaria-sao-judas-midia-center-nao-confirmado-nao-confirmado,SÃO JUDAS MÍDIA CENTER,Não confirmado,Não confirmado,universitaria,,,,universitaria-sao-judas-midia-center-nao-confirmado-nao-confirmado,,,,confirmada,Identificada no Mapa 4.0 das TVs Universitárias; município ainda não confirmado no cadastro mestre.,,,,,
universitaria-tj-campus-uel-nao-confirmado-nao-confirmado,TJ CAMPUS UEL,Não confirmado,Não confirmado,universitaria,,,,universitaria-tj-campus-uel-nao-confirmado-nao-confirmado,,,,confirmada,Identificada no Mapa 4.0 das TVs Universitárias; município ainda não confirmado no cadastro mestre.,,,,,
universitaria-tj-ufrj-nao-confirmado-nao-confirmado,TJ UFRJ,Não confirmado,Não confirmado,universitaria,,,,universitaria-tj-ufrj-nao-confirmado-nao-confirmado,,,,confirmada,Identificada no Mapa 4.0 das TVs Universitárias; município ainda não confirmado no cadastro mestre.,,,,,
universitaria-tj-ufsc-nao-confirmado-nao-confirmado,TJ UFSC,Não confirmado,Não confirmado,universitaria,,,,universitaria-tj-ufsc-nao-confirmado-nao-confirmado,,,,confirmada,Identificada no Mapa 4.0 das TVs Universitárias; município ainda não confirmado no cadastro mestre.,,,,,
universitaria-tv-alfenas-nao-confirmado-nao-confirmado,TV ALFENAS,Não confirmado,Não confirmado,universitaria,,,,universitaria-tv-alfenas-nao-confirmado-nao-confirmado,,,,confirmada,Identificada no Mapa 4.0 das TVs Universitárias; município ainda não confirmado no cadastro mestre.,,,,,
universitaria-tv-anhembi-nao-confirmado-nao-confirmado,TV ANHEMBI,Não confirmado,Não confirmado,universitaria,,,,universitaria-tv-anhembi-nao-confirmado-nao-confirmado,,,,confirmada,Identificada no Mapa 4.0 das TVs Universitárias; município ainda não confirmado no cadastro mestre.,,,,,
universitaria-tv-arnaldo-nao-confirmado-nao-confirmado,TV ARNALDO,Não confirmado,Não confirmado,universitaria,,,,universitaria-tv-arnaldo-nao-confirmado-nao-confirmado,,,,confirmada,Identificada no Mapa 4.0 das TVs Universitárias; município ainda não confirmado no cadastro mestre.,,,,,
universitaria-tv-academica-unisagrado-nao-confirmado-nao-confirmado,TV Acadêmica UNISAGRADO,Não confirmado,Não confirmado,universitaria,,,,universitaria-tv-academica-unisagrado-nao-confirmado-nao-confirmado,,,,confirmada,Identificada no Mapa 4.0 das TVs Universitárias; município ainda não confirmado no cadastro mestre.,,,,,
universitaria-tv-bem-baiano-nao-confirmado-nao-confirmado,TV BEM BAIANO,Não confirmado,Não confirmado,universitaria,,,,universitaria-tv-bem-baiano-nao-confirmado-nao-confirmado,,,,confirmada,Identificada no Mapa 4.0 das TVs Universitárias; município ainda não confirmado no cadastro mestre.,,,,,
universitaria-tv-campus-unibrasil-nao-confirmado-nao-confirmado,TV CAMPUS UniBRASIL,Não confirmado,Não confirmado,universitaria,,,,universitaria-tv-campus-unibrasil-nao-confirmado-nao-confirmado,,,,confirmada,Identificada no Mapa 4.0 das TVs Universitárias; município ainda não confirmado no cadastro mestre.,,,,,
universitaria-tv-catolica-nao-confirmado-nao-confirmado,TV CATÓLICA,Não confirmado,Não confirmado,universitaria,,,,universitaria-tv-catolica-nao-confirmado-nao-confirmado,,,,confirmada,Identificada no Mapa 4.0 das TVs Universitárias; município ainda não confirmado no cadastro mestre.,,,,,
universitaria-tv-cesvasf-nao-confirmado-nao-confirmado,TV CESVASF,Não confirmado,Não confirmado,universitaria,,,,universitaria-tv-cesvasf-nao-confirmado-nao-confirmado,,,,confirmada,Identificada no Mapa 4.0 das TVs Universitárias; município ainda não confirmado no cadastro mestre.,,,,,
universitaria-tv-campus-rio-pomba-nao-confirmado-nao-confirmado,TV Campus Rio Pomba,Não confirmado,Não confirmado,universitaria,,,,universitaria-tv-campus-rio-pomba-nao-confirmado-nao-confirmado,,,,confirmada,Identificada no Mapa 4.0 das TVs Universitárias; município ainda não confirmado no cadastro mestre.,,,,,
universitaria-tv-digital-fatec-indaiatuba-nao-confirmado-nao-confirmado,TV DIGITAL FATEC Indaiatuba,Não confirmado,Não confirmado,universitaria,,,,universitaria-tv-digital-fatec-indaiatuba-nao-confirmado-nao-confirmado,,,,confirmada,Identificada no Mapa 4.0 das TVs Universitárias; município ainda não confirmado no cadastro mestre.,,,,,
universitaria-tv-dpcs-unimontes-nao-confirmado-nao-confirmado,TV DPCS UNIMONTES,Não confirmado,Não confirmado,universitaria,,,,universitaria-tv-dpcs-unimontes-nao-confirmado-nao-confirmado,,,,confirmada,Identificada no Mapa 4.0 das TVs Universitárias; município ainda não confirmado no cadastro mestre.,,,,,
universitaria-tv-estacio-brasilia-nao-confirmado-nao-confirmado,TV ESTÁCIO Brasília,Não confirmado,Não confirmado,universitaria,,,,universitaria-tv-estacio-brasilia-nao-confirmado-nao-confirmado,,,,confirmada,Identificada no Mapa 4.0 das TVs Universitárias; município ainda não confirmado no cadastro mestre.,,,,,
universitaria-tv-engenharia-ufrgs-nao-confirmado-nao-confirmado,TV Engenharia UFRGS,Não confirmado,Não confirmado,universitaria,,,,universitaria-tv-engenharia-ufrgs-nao-confirmado-nao-confirmado,,,,confirmada,Identificada no Mapa 4.0 das TVs Universitárias; município ainda não confirmado no cadastro mestre.,,,,,
universitaria-tv-faap-nao-confirmado-nao-confirmado,TV FAAP,Não confirmado,Não confirmado,universitaria,,,,universitaria-tv-faap-nao-confirmado-nao-confirmado,,,,confirmada,Identificada no Mapa 4.0 das TVs Universitárias; município ainda não confirmado no cadastro mestre.,,,,,
universitaria-tv-faceres-nao-confirmado-nao-confirmado,TV FACERES,Não confirmado,Não confirmado,universitaria,,,,universitaria-tv-faceres-nao-confirmado-nao-confirmado,,,,confirmada,Identificada no Mapa 4.0 das TVs Universitárias; município ainda não confirmado no cadastro mestre.,,,,,
universitaria-tv-facopp-online-nao-confirmado-nao-confirmado,TV FACOPP Online,Não confirmado,Não confirmado,universitaria,,,,universitaria-tv-facopp-online-nao-confirmado-nao-confirmado,,,,confirmada,Identificada no Mapa 4.0 das TVs Universitárias; município ainda não confirmado no cadastro mestre.,,,,,
universitaria-tv-fadi-nao-confirmado-nao-confirmado,TV FADI,Não confirmado,Não confirmado,universitaria,,,,universitaria-tv-fadi-nao-confirmado-nao-confirmado,,,,confirmada,Identificada no Mapa 4.0 das TVs Universitárias; município ainda não confirmado no cadastro mestre.,,,,,
universitaria-tv-fag-nao-confirmado-nao-confirmado,TV FAG,Não confirmado,Não confirmado,universitaria,,,,universitaria-tv-fag-nao-confirmado-nao-confirmado,,,,confirmada,Identificada no Mapa 4.0 das TVs Universitárias; município ainda não confirmado no cadastro mestre.,,,,,
universitaria-tv-faqi-nao-confirmado-nao-confirmado,TV FAQI,Não confirmado,Não confirmado,universitaria,,,,universitaria-tv-faqi-nao-confirmado-nao-confirmado,,,,confirmada,Identificada no Mapa 4.0 das TVs Universitárias; município ainda não confirmado no cadastro mestre.,,,,,
universitaria-tv-fatec-jales-nao-confirmado-nao-confirmado,TV FATEC Jales,Não confirmado,Não confirmado,universitaria,,,,universitaria-tv-fatec-jales-nao-confirmado-nao-confirmado,,,,confirmada,Identificada no Mapa 4.0 das TVs Universitárias; município ainda não confirmado no cadastro mestre.,,,,,
universitaria-tv-fatec-rio-preto-nao-confirmado-nao-confirmado,TV FATEC Rio Preto,Não confirmado,Não confirmado,universitaria,,,,universitaria-tv-fatec-rio-preto-nao-confirmado-nao-confirmado,,,,confirmada,Identificada no Mapa 4.0 das TVs Universitárias; município ainda não confirmado no cadastro mestre.,,,,,
universitaria-tv-federal-nao-confirmado-nao-confirmado,TV FEDERAL,Não confirmado,Não confirmado,universitaria,,,,universitaria-tv-federal-nao-confirmado-nao-confirmado,,,,confirmada,Identificada no Mapa 4.0 das TVs Universitárias; município ainda não confirmado no cadastro mestre.,,,,,
universitaria-tv-fesar-nao-confirmado-nao-confirmado,TV FESAR,Não confirmado,Não confirmado,universitaria,,,,universitaria-tv-fesar-nao-confirmado-nao-confirmado,,,,confirmada,Identificada no Mapa 4.0 das TVs Universitárias; município ainda não confirmado no cadastro mestre.,,,,,
universitaria-tv-funorte-nao-confirmado-nao-confirmado,TV FUNORTE,Não confirmado,Não confirmado,universitaria,,,,universitaria-tv-funorte-nao-confirmado-nao-confirmado,,,,confirmada,Identificada no Mapa 4.0 das TVs Universitárias; município ainda não confirmado no cadastro mestre.,,,,,
universitaria-tv-funvic-nao-confirmado-nao-confirmado,TV FUNVIC,Não confirmado,Não confirmado,universitaria,,,,universitaria-tv-funvic-nao-confirmado-nao-confirmado,,,,confirmada,Identificada no Mapa 4.0 das TVs Universitárias; município ainda não confirmado no cadastro mestre.,,,,,
universitaria-tv-fuvs-nao-confirmado-nao-confirmado,TV FUVS,Não confirmado,Não confirmado,universitaria,,,,universitaria-tv-fuvs-nao-confirmado-nao-confirmado,,,,confirmada,Identificada no Mapa 4.0 das TVs Universitárias; município ainda não confirmado no cadastro mestre.,,,,,
universitaria-tv-iespes-nao-confirmado-nao-confirmado,TV IESPES,Não confirmado,Não confirmado,universitaria,,,,universitaria-tv-iespes-nao-confirmado-nao-confirmado,,,,confirmada,Identificada no Mapa 4.0 das TVs Universitárias; município ainda não confirmado no cadastro mestre.,,,,,
universitaria-tv-ifba-brumado-nao-confirmado-nao-confirmado,TV IFBA Brumado,Não confirmado,Não confirmado,universitaria,,,,universitaria-tv-ifba-brumado-nao-confirmado-nao-confirmado,,,,confirmada,Identificada no Mapa 4.0 das TVs Universitárias; município ainda não confirmado no cadastro mestre.,,,,,
universitaria-tv-lepete-nao-confirmado-nao-confirmado,TV LEPETE,Não confirmado,Não confirmado,universitaria,,,,universitaria-tv-lepete-nao-confirmado-nao-confirmado,,,,confirmada,Identificada no Mapa 4.0 das TVs Universitárias; município ainda não confirmado no cadastro mestre.,,,,,
universitaria-tv-olhos-dagua-nao-confirmado-nao-confirmado,TV OLHOS D’ÁGUA,Não confirmado,Não confirmado,universitaria,,,,universitaria-tv-olhos-dagua-nao-confirmado-nao-confirmado,,,,confirmada,Identificada no Mapa 4.0 das TVs Universitárias; município ainda não confirmado no cadastro mestre.,,,,,
universitaria-tv-porto-velho-nao-confirmado-nao-confirmado,TV PORTO VELHO,Não confirmado,Não confirmado,universitaria,,,,universitaria-tv-porto-velho-nao-confirmado-nao-confirmado,,,,confirmada,Identificada no Mapa 4.0 das TVs Universitárias; município ainda não confirmado no cadastro mestre.,,,,,
universitaria-tv-ucpel-nao-confirmado-nao-confirmado,TV UCPEL,Não confirmado,Não confirmado,universitaria,,,,universitaria-tv-ucpel-nao-confirmado-nao-confirmado,,,,confirmada,Identificada no Mapa 4.0 das TVs Universitárias; município ainda não confirmado no cadastro mestre.,,,,,
universitaria-tv-uel-nao-confirmado-nao-confirmado,TV UEL,Não confirmado,Não confirmado,universitaria,,,,universitaria-tv-uel-nao-confirmado-nao-confirmado,,,,confirmada,Identificada no Mapa 4.0 das TVs Universitárias; município ainda não confirmado no cadastro mestre.,,,,,
universitaria-tv-uniara-nao-confirmado-nao-confirmado,TV UNIARA,Não confirmado,Não confirmado,universitaria,,,,universitaria-tv-uniara-nao-confirmado-nao-confirmado,,,,confirmada,Identificada no Mapa 4.0 das TVs Universitárias; município ainda não confirmado no cadastro mestre.,,,,,
universitaria-tv-unicarioca-nao-confirmado-nao-confirmado,TV UNICARIOCA,Não confirmado,Não confirmado,universitaria,,,,universitaria-tv-unicarioca-nao-confirmado-nao-confirmado,,,,confirmada,Identificada no Mapa 4.0 das TVs Universitárias; município ainda não confirmado no cadastro mestre.,,,,,
universitaria-tv-unidompedro-nao-confirmado-nao-confirmado,TV UNIDOMPEDRO,Não confirmado,Não confirmado,universitaria,,,,universitaria-tv-unidompedro-nao-confirmado-nao-confirmado,,,,confirmada,Identificada no Mapa 4.0 das TVs Universitárias; município ainda não confirmado no cadastro mestre.,,,,,
universitaria-tv-unifatea-nao-confirmado-nao-confirmado,TV UNIFATEA,Não confirmado,Não confirmado,universitaria,,,,universitaria-tv-unifatea-nao-confirmado-nao-confirmado,,,,confirmada,Identificada no Mapa 4.0 das TVs Universitárias; município ainda não confirmado no cadastro mestre.,,,,,
universitaria-tv-unifev-nao-confirmado-nao-confirmado,TV UNIFEV,Não confirmado,Não confirmado,universitaria,,,,universitaria-tv-unifev-nao-confirmado-nao-confirmado,,,,confirmada,Identificada no Mapa 4.0 das TVs Universitárias; município ainda não confirmado no cadastro mestre.,,,,,
universitaria-tv-unifieo-nao-confirmado-nao-confirmado,TV UNIFIEO,Não confirmado,Não confirmado,universitaria,,,,universitaria-tv-unifieo-nao-confirmado-nao-confirmado,,,,confirmada,Identificada no Mapa 4.0 das TVs Universitárias; município ainda não confirmado no cadastro mestre.,,,,,
universitaria-tv-unigrande-nao-confirmado-nao-confirmado,TV UNIGRANDE,Não confirmado,Não confirmado,universitaria,,,,universitaria-tv-unigrande-nao-confirmado-nao-confirmado,,,,confirmada,Identificada no Mapa 4.0 das TVs Universitárias; município ainda não confirmado no cadastro mestre.,,,,,
universitaria-tv-uninorte-nao-confirmado-nao-confirmado,TV UNINORTE,Não confirmado,Não confirmado,universitaria,,,,universitaria-tv-uninorte-nao-confirmado-nao-confirmado,,,,confirmada,Identificada no Mapa 4.0 das TVs Universitárias; município ainda não confirmado no cadastro mestre.,,,,,
universitaria-tv-unip-nao-confirmado-nao-confirmado,TV UNIP,Não confirmado,Não confirmado,universitaria,,,,universitaria-tv-unip-nao-confirmado-nao-confirmado,,,,confirmada,Identificada no Mapa 4.0 das TVs Universitárias; município ainda não confirmado no cadastro mestre.,,,,,
universitaria-tv-unir-nao-confirmado-nao-confirmado,TV UNIR,Não confirmado,Não confirmado,universitaria,,,,universitaria-tv-unir-nao-confirmado-nao-confirmado,,,,confirmada,Identificada no Mapa 4.0 das TVs Universitárias; município ainda não confirmado no cadastro mestre.,,,,,
universitaria-tv-unisa-nao-confirmado-nao-confirmado,TV UNISA,Não confirmado,Não confirmado,universitaria,,,,universitaria-tv-unisa-nao-confirmado-nao-confirmado,,,,confirmada,Identificada no Mapa 4.0 das TVs Universitárias; município ainda não confirmado no cadastro mestre.,,,,,
universitaria-tv-unisantos-nao-confirmado-nao-confirmado,TV UNISANTOS,Não confirmado,Não confirmado,universitaria,,,,universitaria-tv-unisantos-nao-confirmado-nao-confirmado,,,,confirmada,Identificada no Mapa 4.0 das TVs Universitárias; município ainda não confirmado no cadastro mestre.,,,,,
universitaria-tv-unisuam-nao-confirmado-nao-confirmado,TV UNISUAM,Não confirmado,Não confirmado,universitaria,,,,universitaria-tv-unisuam-nao-confirmado-nao-confirmado,,,,confirmada,Identificada no Mapa 4.0 das TVs Universitárias; município ainda não confirmado no cadastro mestre.,,,,,
universitaria-tv-unisul-nao-confirmado-nao-confirmado,TV UNISUL,Não confirmado,Não confirmado,universitaria,,,,universitaria-tv-unisul-nao-confirmado-nao-confirmado,,,,confirmada,Identificada no Mapa 4.0 das TVs Universitárias; município ainda não confirmado no cadastro mestre.,,,,,
universitaria-tv-unitau-nao-confirmado-nao-confirmado,TV UNITAU,Não confirmado,Não confirmado,universitaria,,,,universitaria-tv-unitau-nao-confirmado-nao-confirmado,,,,confirmada,Identificada no Mapa 4.0 das TVs Universitárias; município ainda não confirmado no cadastro mestre.,,,,,
universitaria-tv-unitoledo-nao-confirmado-nao-confirmado,TV UNITOLEDO,Não confirmado,Não confirmado,universitaria,,,,universitaria-tv-unitoledo-nao-confirmado-nao-confirmado,,,,confirmada,Identificada no Mapa 4.0 das TVs Universitárias; município ainda não confirmado no cadastro mestre.,,,,,
universitaria-tv-univates-nao-confirmado-nao-confirmado,TV UNIVATES,Não confirmado,Não confirmado,universitaria,,,,universitaria-tv-univates-nao-confirmado-nao-confirmado,,,,confirmada,Identificada no Mapa 4.0 das TVs Universitárias; município ainda não confirmado no cadastro mestre.,,,,,
universitaria-tv-universitaria-do-abc-nao-confirmado-nao-confirmado,TV UNIVERSITÁRIA DO ABC,Não confirmado,Não confirmado,universitaria,,,,universitaria-tv-universitaria-do-abc-nao-confirmado-nao-confirmado,,,,confirmada,Identificada no Mapa 4.0 das TVs Universitárias; município ainda não confirmado no cadastro mestre.,,,,,
universitaria-tv-uno-nao-confirmado-nao-confirmado,TV UNO,Não confirmado,Não confirmado,universitaria,,,,universitaria-tv-uno-nao-confirmado-nao-confirmado,,,,confirmada,Identificada no Mapa 4.0 das TVs Universitárias; município ainda não confirmado no cadastro mestre.,,,,,
universitaria-tv-up-nao-confirmado-nao-confirmado,TV UP,Não confirmado,Não confirmado,universitaria,,,,universitaria-tv-up-nao-confirmado-nao-confirmado,,,,confirmada,Identificada no Mapa 4.0 das TVs Universitárias; município ainda não confirmado no cadastro mestre.,,,,,
universitaria-tv-usp-bauru-nao-confirmado-nao-confirmado,TV USP Bauru,Não confirmado,Não confirmado,universitaria,,,,universitaria-tv-usp-bauru-nao-confirmado-nao-confirmado,,,,confirmada,Identificada no Mapa 4.0 das TVs Universitárias; município ainda não confirmado no cadastro mestre.,,,,,
universitaria-tv-usp-piracicaba-nao-confirmado-nao-confirmado,TV USP Piracicaba,Não confirmado,Não confirmado,universitaria,,,,universitaria-tv-usp-piracicaba-nao-confirmado-nao-confirmado,,,,confirmada,Identificada no Mapa 4.0 das TVs Universitárias; município ainda não confirmado no cadastro mestre.,,,,,
universitaria-tv-usp-ribeirao-preto-nao-confirmado-nao-confirmado,TV USP Ribeirão Preto,Não confirmado,Não confirmado,universitaria,,,,universitaria-tv-usp-ribeirao-preto-nao-confirmado-nao-confirmado,,,,confirmada,Identificada no Mapa 4.0 das TVs Universitárias; município ainda não confirmado no cadastro mestre.,,,,,
universitaria-tv-uva-nao-confirmado-nao-confirmado,TV UVA,Não confirmado,Não confirmado,universitaria,,,,universitaria-tv-uva-nao-confirmado-nao-confirmado,,,,confirmada,Identificada no Mapa 4.0 das TVs Universitárias; município ainda não confirmado no cadastro mestre.,,,,,
universitaria-tv-uniatenas-nao-confirmado-nao-confirmado,TV UniAtenas,Não confirmado,Não confirmado,universitaria,,,,universitaria-tv-uniatenas-nao-confirmado-nao-confirmado,,,,confirmada,Identificada no Mapa 4.0 das TVs Universitárias; município ainda não confirmado no cadastro mestre.,,,,,
universitaria-tv-unicesumar-nao-confirmado-nao-confirmado,TV UniCESUMAR,Não confirmado,Não confirmado,universitaria,,,,universitaria-tv-unicesumar-nao-confirmado-nao-confirmado,,,,confirmada,Identificada no Mapa 4.0 das TVs Universitárias; município ainda não confirmado no cadastro mestre.,,,,,
universitaria-tv-unifoa-nao-confirmado-nao-confirmado,TV UniFOA,Não confirmado,Não confirmado,universitaria,,,,universitaria-tv-unifoa-nao-confirmado-nao-confirmado,,,,confirmada,Identificada no Mapa 4.0 das TVs Universitárias; município ainda não confirmado no cadastro mestre.,,,,,
universitaria-tv-unisantanna-nao-confirmado-nao-confirmado,TV UniSANT’ANNA,Não confirmado,Não confirmado,universitaria,,,,universitaria-tv-unisantanna-nao-confirmado-nao-confirmado,,,,confirmada,Identificada no Mapa 4.0 das TVs Universitárias; município ainda não confirmado no cadastro mestre.,,,,,
universitaria-tv-vicosa-nao-confirmado-nao-confirmado,TV VIÇOSA,Não confirmado,Não confirmado,universitaria,,,,universitaria-tv-vicosa-nao-confirmado-nao-confirmado,,,,confirmada,Identificada no Mapa 4.0 das TVs Universitárias; município ainda não confirmado no cadastro mestre.,,,,,
universitaria-tv-zumbi-nao-confirmado-nao-confirmado,TV ZUMBI,Não confirmado,Não confirmado,universitaria,,,,universitaria-tv-zumbi-nao-confirmado-nao-confirmado,,,,confirmada,Identificada no Mapa 4.0 das TVs Universitárias; município ainda não confirmado no cadastro mestre.,,,,,
universitaria-tvcescage-nao-confirmado-nao-confirmado,TVCESCAGE,Não confirmado,Não confirmado,universitaria,,,,universitaria-tvcescage-nao-confirmado-nao-confirmado,,,,confirmada,Identificada no Mapa 4.0 das TVs Universitárias; município ainda não confirmado no cadastro mestre.,,,,,
universitaria-tvfaesa-nao-confirmado-nao-confirmado,TVFAESA,Não confirmado,Não confirmado,universitaria,,,,universitaria-tvfaesa-nao-confirmado-nao-confirmado,,,,confirmada,Identificada no Mapa 4.0 das TVs Universitárias; município ainda não confirmado no cadastro mestre.,,,,,
universitaria-ucb-tv-nao-confirmado-nao-confirmado,UCB TV,Não confirmado,Não confirmado,universitaria,,,,universitaria-ucb-tv-nao-confirmado-nao-confirmado,,,,confirmada,Identificada no Mapa 4.0 das TVs Universitárias; município ainda não confirmado no cadastro mestre.,,,,,
universitaria-ueap-tv-nao-confirmado-nao-confirmado,UEAP TV,Não confirmado,Não confirmado,universitaria,,,,universitaria-ueap-tv-nao-confirmado-nao-confirmado,,,,confirmada,Identificada no Mapa 4.0 das TVs Universitárias; município ainda não confirmado no cadastro mestre.,,,,,
universitaria-ufactv-nao-confirmado-nao-confirmado,UFACTV,Não confirmado,Não confirmado,universitaria,,,,universitaria-ufactv-nao-confirmado-nao-confirmado,,,,confirmada,Identificada no Mapa 4.0 das TVs Universitárias; município ainda não confirmado no cadastro mestre.,,,,,
universitaria-ufntv-nao-confirmado-nao-confirmado,UFNTV,Não confirmado,Não confirmado,universitaria,,,,universitaria-ufntv-nao-confirmado-nao-confirmado,,,,confirmada,Identificada no Mapa 4.0 das TVs Universitárias; município ainda não confirmado no cadastro mestre.,,,,,
universitaria-ulbra-tv-nao-confirmado-nao-confirmado,ULBRA TV,Não confirmado,Não confirmado,universitaria,,,,universitaria-ulbra-tv-nao-confirmado-nao-confirmado,,,,confirmada,Identificada no Mapa 4.0 das TVs Universitárias; município ainda não confirmado no cadastro mestre.,,,,,
universitaria-una-tv-nao-confirmado-nao-confirmado,UNA TV,Não confirmado,Não confirmado,universitaria,,,,universitaria-una-tv-nao-confirmado-nao-confirmado,,,,confirmada,Identificada no Mapa 4.0 das TVs Universitárias; município ainda não confirmado no cadastro mestre.,,,,,
universitaria-unec-tv-nao-confirmado-nao-confirmado,UNEC TV,Não confirmado,Não confirmado,universitaria,,,,universitaria-unec-tv-nao-confirmado-nao-confirmado,,,,confirmada,Identificada no Mapa 4.0 das TVs Universitárias; município ainda não confirmado no cadastro mestre.,,,,,
universitaria-unesc-tv-nao-confirmado-nao-confirmado,UNESC TV,Não confirmado,Não confirmado,universitaria,,,,universitaria-unesc-tv-nao-confirmado-nao-confirmado,,,,confirmada,Identificada no Mapa 4.0 das TVs Universitárias; município ainda não confirmado no cadastro mestre.,,,,,
universitaria-uni-tv-unifebe-nao-confirmado-nao-confirmado,UNI TV UNIFEBE,Não confirmado,Não confirmado,universitaria,,,,universitaria-uni-tv-unifebe-nao-confirmado-nao-confirmado,,,,confirmada,Identificada no Mapa 4.0 das TVs Universitárias; município ainda não confirmado no cadastro mestre.,,,,,
universitaria-unimar-tv-nao-confirmado-nao-confirmado,UNIMAR TV,Não confirmado,Não confirmado,universitaria,,,,universitaria-unimar-tv-nao-confirmado-nao-confirmado,,,,confirmada,Identificada no Mapa 4.0 das TVs Universitárias; município ainda não confirmado no cadastro mestre.,,,,,
universitaria-unirb-tv-nao-confirmado-nao-confirmado,UNIRB TV,Não confirmado,Não confirmado,universitaria,,,,universitaria-unirb-tv-nao-confirmado-nao-confirmado,,,,confirmada,Identificada no Mapa 4.0 das TVs Universitárias; município ainda não confirmado no cadastro mestre.,,,,,
universitaria-unirp-tv-nao-confirmado-nao-confirmado,UNIRP TV,Não confirmado,Não confirmado,universitaria,,,,universitaria-unirp-tv-nao-confirmado-nao-confirmado,,,,confirmada,Identificada no Mapa 4.0 das TVs Universitárias; município ainda não confirmado no cadastro mestre.,,,,,
universitaria-uniteve-uff-nao-confirmado-nao-confirmado,UNITEVÊ UFF,Não confirmado,Não confirmado,universitaria,,,,universitaria-uniteve-uff-nao-confirmado-nao-confirmado,,,,confirmada,Identificada no Mapa 4.0 das TVs Universitárias; município ainda não confirmado no cadastro mestre.,,,,,
universitaria-univale-tv-nao-confirmado-nao-confirmado,UNIVALE TV,Não confirmado,Não confirmado,universitaria,,,,universitaria-univale-tv-nao-confirmado-nao-confirmado,,,,confirmada,Identificada no Mapa 4.0 das TVs Universitárias; município ainda não confirmado no cadastro mestre.,,,,,
universitaria-univesp-tv-nao-confirmado-nao-confirmado,UNIVESP TV,Não confirmado,Não confirmado,universitaria,,,,universitaria-univesp-tv-nao-confirmado-nao-confirmado,,,,confirmada,Identificada no Mapa 4.0 das TVs Universitárias; município ainda não confirmado no cadastro mestre.,,,,,
universitaria-unbtv-nao-confirmado-nao-confirmado,UnBTV,Não confirmado,Não confirmado,universitaria,,,,universitaria-unbtv-nao-confirmado-nao-confirmado,,,,confirmada,Identificada no Mapa 4.0 das TVs Universitárias; município ainda não confirmado no cadastro mestre.,,,,,
universitaria-unirv-webtv-nao-confirmado-nao-confirmado,UniRV WebTV,Não confirmado,Não confirmado,universitaria,,,,universitaria-unirv-webtv-nao-confirmado-nao-confirmado,,,,confirmada,Identificada no Mapa 4.0 das TVs Universitárias; município ainda não confirmado no cadastro mestre.,,,,,
universitaria-unitv-unicatolica-nao-confirmado-nao-confirmado,UniTV UNICATÓLICA,Não confirmado,Não confirmado,universitaria,,,,universitaria-unitv-unicatolica-nao-confirmado-nao-confirmado,,,,confirmada,Identificada no Mapa 4.0 das TVs Universitárias; município ainda não confirmado no cadastro mestre.,,,,,
universitaria-webtv-ucsal-nao-confirmado-nao-confirmado,WebTV UCSAL,Não confirmado,Não confirmado,universitaria,,,,universitaria-webtv-ucsal-nao-confirmado-nao-confirmado,,,,confirmada,Identificada no Mapa 4.0 das TVs Universitárias; município ainda não confirmado no cadastro mestre.,,,,,
universitaria-webtv-ufrj-nao-confirmado-nao-confirmado,WebTV UFRJ,Não confirmado,Não confirmado,universitaria,,,,universitaria-webtv-ufrj-nao-confirmado-nao-confirmado,,,,confirmada,Identificada no Mapa 4.0 das TVs Universitárias; município ainda não confirmado no cadastro mestre.,,,,,
universitaria-webtv-uninta-nao-confirmado-nao-confirmado,WebTV UNINTA,Não confirmado,Não confirmado,universitaria,,,,universitaria-webtv-uninta-nao-confirmado-nao-confirmado,,,,confirmada,Identificada no Mapa 4.0 das TVs Universitárias; município ainda não confirmado no cadastro mestre.,,,,,
universitaria-webtv-unifanor-nao-confirmado-nao-confirmado,WebTV Unifanor,Não confirmado,Não confirmado,universitaria,,,,universitaria-webtv-unifanor-nao-confirmado-nao-confirmado,,,,confirmada,Identificada no Mapa 4.0 das TVs Universitárias; município ainda não confirmado no cadastro mestre.,,,,,
legislativa-federal-tv-camara-ac-rio-branco,TV Câmara,AC,Rio Branco,legislativa_federal,,https://www.camara.leg.br/tv/aovivo/embed,,legislativa-federal-tv-camara-ac-rio-branco,,,,confirmada,Sinal digital confirmado na página oficial de sintonia; canal 3.1.,,,,,
legislativa-federal-tv-camara-al-maceio,TV Câmara,AL,Maceió,legislativa_federal,,https://www.camara.leg.br/tv/aovivo/embed,,legislativa-federal-tv-camara-al-maceio,,,,confirmada,Sinal digital confirmado na página oficial de sintonia; canal 35.1.,,,,,
legislativa-municipal-tv-camara-am-amatura,TV Câmara,AM,Amaturá,legislativa_municipal,,https://www.camara.leg.br/tv/aovivo/embed,,legislativa-municipal-tv-camara-am-amatura,,,,confirmada,Sinal digital confirmado pela Câmara dos Deputados; canal 6.1; implantação 1º semestre de 2026.,,,,,
legislativa-municipal-tv-camara-am-anama,TV Câmara,AM,Anamã,legislativa_municipal,,https://www.camara.leg.br/tv/aovivo/embed,,legislativa-municipal-tv-camara-am-anama,,,,confirmada,Sinal digital confirmado pela Câmara dos Deputados; canal 6.1; implantação 1º semestre de 2026.,,,,,
legislativa-municipal-tv-camara-am-benjamin-constant,TV Câmara,AM,Benjamin Constant,legislativa_municipal,,https://www.camara.leg.br/tv/aovivo/embed,,legislativa-municipal-tv-camara-am-benjamin-constant,,,,confirmada,Sinal digital confirmado pela Câmara dos Deputados; canal 5.1; implantação 1º semestre de 2026.,,,,,
legislativa-municipal-tv-camara-am-beruri,TV Câmara,AM,Beruri,legislativa_municipal,,https://www.camara.leg.br/tv/aovivo/embed,,legislativa-municipal-tv-camara-am-beruri,,,,confirmada,Sinal digital confirmado pela Câmara dos Deputados; canal 6.1; implantação 1º semestre de 2026.,,,,,
legislativa-municipal-tv-camara-am-borba,TV Câmara,AM,Borba,legislativa_municipal,,https://www.camara.leg.br/tv/aovivo/embed,,legislativa-municipal-tv-camara-am-borba,,,,confirmada,Sinal digital confirmado pela Câmara dos Deputados; canal 10.1; implantação 1º semestre de 2026.,,,,,
legislativa-municipal-tv-camara-am-carauari,TV Câmara,AM,Carauari,legislativa_municipal,,https://www.camara.leg.br/tv/aovivo/embed,,legislativa-municipal-tv-camara-am-carauari,,,,confirmada,Sinal digital confirmado pela Câmara dos Deputados; canal 5.1; implantação 1º semestre de 2026.,,,,,
legislativa-municipal-tv-camara-am-codajas,TV Câmara,AM,Codajás,legislativa_municipal,,https://www.camara.leg.br/tv/aovivo/embed,,legislativa-municipal-tv-camara-am-codajas,,,,confirmada,Sinal digital confirmado pela Câmara dos Deputados; canal 6.1; implantação 1º semestre de 2026.,,,,,
legislativa-estadual-tv-aleam-am-manaus,TV ALEAM,AM,Manaus,legislativa_estadual,https://www.aleam.gov.br/,,,legislativa-estadual-tv-aleam-am-manaus,,,,confirmada,,,,,,
legislativa-federal-tv-camara-am-manaus,TV Câmara,AM,Manaus,legislativa_federal,,https://www.camara.leg.br/tv/aovivo/embed,,legislativa-federal-tv-camara-am-manaus,,,,confirmada,Sinal digital confirmado na página oficial de sintonia; canal 6.4.,,,,,
universitaria-tv-ifam-am-manaus,TV IFAM,AM,Manaus,universitaria,,,https://www.youtube.com/,universitaria-tv-ifam-am-manaus,,,,confirmada,Mapa TVU,,,,,
universitaria-tv-ufam-am-manaus,TV UFAM,AM,Manaus,universitaria,https://tvufam.ufam.edu.br/,,https://www.youtube.com/,universitaria-tv-ufam-am-manaus,,,,confirmada,Mapa TVU,,,,,
legislativa-municipal-tv-camara-am-pauini,TV Câmara,AM,Pauini,legislativa_municipal,,https://www.camara.leg.br/tv/aovivo/embed,,legislativa-municipal-tv-camara-am-pauini,,,,confirmada,Sinal digital confirmado pela Câmara dos Deputados; canal 9.1; implantação 1º semestre de 2026.,,,,,
legislativa-municipal-tv-camara-am-santo-antonio-do-ica,TV Câmara,AM,Santo Antônio do Içá,legislativa_municipal,,https://www.camara.leg.br/tv/aovivo/embed,,legislativa-municipal-tv-camara-am-santo-antonio-do-ica,,,,confirmada,Sinal digital confirmado pela Câmara dos Deputados; canal 10.1; implantação 1º semestre de 2026.,,,,,
legislativa-municipal-tv-camara-am-sao-paulo-de-olivenca,TV Câmara,AM,São Paulo de Olivença,legislativa_municipal,,https://www.camara.leg.br/tv/aovivo/embed,,legislativa-municipal-tv-camara-am-sao-paulo-de-olivenca,,,,confirmada,Sinal digital confirmado pela Câmara dos Deputados; canal 10.1; implantação 1º semestre de 2026.,,,,,
legislativa-municipal-tv-camara-ap-laranjal-do-jari,TV Câmara,AP,Laranjal do Jari,legislativa_municipal,,https://www.camara.leg.br/tv/aovivo/embed,,legislativa-municipal-tv-camara-ap-laranjal-do-jari,,,,confirmada,Sinal digital confirmado pela Câmara dos Deputados; canal 9.1; implantação 1º semestre de 2026.,,,,,
legislativa-federal-tv-camara-ap-macapa,TV Câmara,AP,Macapá,legislativa_federal,,https://www.camara.leg.br/tv/aovivo/embed,,legislativa-federal-tv-camara-ap-macapa,,,,confirmada,Sinal digital confirmado na página oficial de sintonia; canal 7.4.,,,,,
universitaria-tv-ifap-ap-macapa,TV IFAP,AP,Macapá,universitaria,,,,universitaria-tv-ifap-ap-macapa,,,confirmada,Mapa TVU,,,,,,
legislativa-municipal-tv-camara-ba-alagoinhas,TV Câmara,BA,Alagoinhas,legislativa_municipal,,https://www.camara.leg.br/tv/aovivo/embed,,legislativa-municipal-tv-camara-ba-alagoinhas,,,,confirmada,Sinal digital confirmado pela Câmara dos Deputados; canal 12.1; implantação 1º semestre de 2026.,,,,,
legislativa-federal-tv-camara-ba-barreiras,TV Câmara,BA,Barreiras,legislativa_federal,,https://www.camara.leg.br/tv/aovivo/embed,,legislativa-federal-tv-camara-ba-barreiras,,,,confirmada,Sinal digital confirmado na página oficial de sintonia; canal 40.1.,,,,,
universitaria-ufrb-tv-ba-cruz-das-almas,UFRB TV,BA,Cruz das Almas,universitaria,,,,universitaria-ufrb-tv-ba-cruz-das-almas,,,confirmada,Mapa TVU,,,,,,
universitaria-tv-olhos-d-agua-ba-feira-de-santana,TV Olhos D'Água,BA,Feira de Santana,universitaria,,,,universitaria-tv-olhos-d-agua-ba-feira-de-santana,,,confirmada,Mapa TVU,,,,,,
universitaria-tv-uesc-ba-ilheus,TV UESC,BA,Ilhéus,universitaria,https://www.uesc.br/comunicacao/tvuesc/,,https://www.youtube.com/tvuesc/,universitaria-tv-uesc-ba-ilheus,,,,confirmada,Mapa TVU,,,,,
legislativa-municipal-tv-camara-ba-juazeiro,TV Câmara,BA,Juazeiro,legislativa_municipal,,https://www.camara.leg.br/tv/aovivo/embed,,legislativa-municipal-tv-camara-ba-juazeiro,,,,confirmada,Sinal digital confirmado pela Câmara dos Deputados; canal 12.1; implantação 1º semestre de 2026.,,,,,
universitaria-tv-caatinga-ba-juazeiro,TV Caatinga,BA,Juazeiro,universitaria,,,,universitaria-tv-caatinga-ba-juazeiro,,,confirmada,Mapa TVU,,,,,,
legislativa-municipal-tv-camara-ba-paulo-afonso,TV Câmara,BA,Paulo Afonso,legislativa_municipal,,https://www.camara.leg.br/tv/aovivo/embed,,legislativa-municipal-tv-camara-ba-paulo-afonso,,,,confirmada,Sinal digital confirmado pela Câmara dos Deputados; canal 7.1; implantação 1º semestre de 2026.,,,,,
legislativa-estadual-tv-alba-ba-salvador,TV ALBA,BA,Salvador,legislativa_estadual,https://www.al.ba.gov.br/,,,legislativa-estadual-tv-alba-ba-salvador,,,,confirmada,,,,,,
legislativa-federal-tv-camara-ba-salvador,TV Câmara,BA,Salvador,legislativa_federal,,https://www.camara.leg.br/tv/aovivo/embed,,legislativa-federal-tv-camara-ba-salvador,,,,confirmada,Sinal digital confirmado na página oficial de sintonia; canal 12.1.,,,,,
universitaria-tv-ifba-ba-salvador,TV IFBA,BA,Salvador,universitaria,,,,universitaria-tv-ifba-ba-salvador,,,confirmada,Mapa TVU,,,,,,
universitaria-tv-ufba-ba-salvador,TV UFBA,BA,Salvador,universitaria,,,,universitaria-tv-ufba-ba-salvador,,,confirmada,Mapa TVU,,,,,,
universitaria-tv-uneb-ba-salvador,TV UNEB,BA,Salvador,universitaria,http://www.tv.uneb.br/,,https://www.youtube.com/user/webtvuneb,universitaria-tv-uneb-ba-salvador,,,,confirmada,Mapa TVU,,,,,
legislativa-municipal-tv-camara-ba-teixeira-de-freitas,TV Câmara,BA,Teixeira de Freitas,legislativa_municipal,,https://www.camara.leg.br/tv/aovivo/embed,,legislativa-municipal-tv-camara-ba-teixeira-de-freitas,,,,confirmada,Sinal digital confirmado pela Câmara dos Deputados; canal 12.1; implantação 1º semestre de 2026.,,,,,
legislativa-municipal-tv-camara-ba-vitoria-da-conquista,TV Câmara,BA,Vitória da Conquista,legislativa_municipal,,https://www.camara.leg.br/tv/aovivo/embed,,legislativa-municipal-tv-camara-ba-vitoria-da-conquista,,,,confirmada,Sinal digital confirmado pela Câmara dos Deputados; canal 7.1; implantação 1º semestre de 2026.,,,,,
legislativa-estadual-tv-alece-ce-fortaleza,TV ALECE,CE,Fortaleza,legislativa_estadual,https://www.al.ce.gov.br/,,,legislativa-estadual-tv-alece-ce-fortaleza,,,,confirmada,,,,,,
legislativa-federal-tv-camara-ce-fortaleza,TV Câmara,CE,Fortaleza,legislativa_federal,,https://www.camara.leg.br/tv/aovivo/embed,,legislativa-federal-tv-camara-ce-fortaleza,,,,confirmada,Sinal digital confirmado na página oficial de sintonia; canal 7.2.,,,,,
universitaria-tv-ifce-ce-fortaleza,TV IFCE,CE,Fortaleza,universitaria,,,,universitaria-tv-ifce-ce-fortaleza,,,confirmada,Mapa TVU,,,,,,
universitaria-tv-unifor-ce-fortaleza,TV UNIFOR,CE,Fortaleza,universitaria,,,,universitaria-tv-unifor-ce-fortaleza,,,confirmada,Mapa TVU,,,,,,
universitaria-ufctv-ce-fortaleza,UFCTV,CE,Fortaleza,universitaria,https://ufc.br/comunicacao,,https://www.youtube.com/,universitaria-ufctv-ce-fortaleza,,,,confirmada,Mapa TVU,,,,,
legislativa-municipal-tv-camara-ce-iguatu,TV Câmara,CE,Iguatu,legislativa_municipal,,https://www.camara.leg.br/tv/aovivo/embed,,legislativa-municipal-tv-camara-ce-iguatu,,,,confirmada,Sinal digital confirmado pela Câmara dos Deputados; canal 10.1; implantação 1º semestre de 2026.,,,,,
legislativa-federal-tv-camara-ce-juazeiro-do-norte,TV Câmara,CE,Juazeiro do Norte,legislativa_federal,,https://www.camara.leg.br/tv/aovivo/embed,,legislativa-federal-tv-camara-ce-juazeiro-do-norte,,,,confirmada,Sinal digital confirmado na página oficial de sintonia; canal 7.4.,,,,,
universitaria-tv-unileao-ce-juazeiro-do-norte,TV UNILEÃO,CE,Juazeiro do Norte,universitaria,,,,universitaria-tv-unileao-ce-juazeiro-do-norte,,,confirmada,Mapa TVU,,,,,,
judiciaria-tv-justica-df-brasilia,TV Justiça,DF,Brasília,judiciaria,https://www.tvjustica.jus.br/,,,judiciaria-tv-justica-df-brasilia,,,,confirmada,,,,,,
legislativa-federal-tv-camara-df-brasilia,TV Câmara,DF,Brasília,legislativa_federal,,https://www.camara.leg.br/tv/aovivo/embed,,legislativa-federal-tv-camara-df-brasilia,,,,confirmada,Sinal digital confirmado na página oficial de sintonia; canal 9.1/9.2.,,,,,
legislativa-federal-tv-senado-df-brasilia,TV Senado,DF,Brasília,legislativa_federal,https://www12.senado.leg.br/tv,,,legislativa-federal-tv-senado-df-brasilia,,,,confirmada,,,,,,
publica-tv-brasil-df-brasilia,TV Brasil,DF,Brasília,publica,https://tvbrasil.ebc.com.br/,,,publica-tv-brasil-df-brasilia,,,,confirmada,,,,,,
universitaria-tv-ifb-df-brasilia,TV IFB,DF,Brasília,universitaria,,,https://www.youtube.com/c/TVIFBrasilia/,universitaria-tv-ifb-df-brasilia,,,,confirmada,Mapa TVU,,,,,
legislativa-municipal-tv-camara-es-linhares,TV Câmara,ES,Linhares,legislativa_municipal,,https://www.camara.leg.br/tv/aovivo/embed,,legislativa-municipal-tv-camara-es-linhares,,,,confirmada,Sinal digital confirmado pela Câmara dos Deputados; canal 3.1; implantação 1º semestre de 2026.,,,,,
legislativa-estadual-tv-assembleia-es-es-vitoria,TV Assembleia ES,ES,Vitória,legislativa_estadual,https://www.al.es.gov.br/,,,legislativa-estadual-tv-assembleia-es-es-vitoria,,,,confirmada,,,,,,
legislativa-federal-tv-camara-es-vitoria,TV Câmara,ES,Vitória,legislativa_federal,,https://www.camara.leg.br/tv/aovivo/embed,,legislativa-federal-tv-camara-es-vitoria,,,,confirmada,Sinal digital confirmado na página oficial de sintonia; canal 3.1.,,,,,
universitaria-tv-ufes-es-vitoria,TV UFES,ES,Vitória,universitaria,,,,universitaria-tv-ufes-es-vitoria,,,confirmada,Mapa TVU,,,,,,
legislativa-municipal-tv-camara-go-catalao,TV Câmara,GO,Catalão,legislativa_municipal,,https://www.camara.leg.br/tv/aovivo/embed,,legislativa-municipal-tv-camara-go-catalao,,,,confirmada,Sinal digital confirmado pela Câmara dos Deputados; canal 9.1; implantação 1º semestre de 2026.,,,,,
legislativa-federal-tv-camara-go-goiania,TV Câmara,GO,Goiânia,legislativa_federal,,https://www.camara.leg.br/tv/aovivo/embed,,legislativa-federal-tv-camara-go-goiania,,,,confirmada,Sinal digital confirmado na página oficial de sintonia; canal 61.1.,,,,,
universitaria-puc-tv-goias-go-goiania,PUC TV Goiás,GO,Goiânia,universitaria,https://puctvgoias.com.br/,,https://www.youtube.com/PUCTVGOIAS/,universitaria-puc-tv-goias-go-goiania,,,,confirmada,Mapa TVU,,,,,
universitaria-tv-ufg-go-goiania,TV UFG,GO,Goiânia,universitaria,http://www.tvufg.org.br/,,https://www.youtube.com/tvufg,universitaria-tv-ufg-go-goiania,,,,confirmada,Mapa TVU,,,,,
universitaria-ueg-tv-go-goiania,UEG TV,GO,Goiânia,universitaria,https://tv.ueg.br/,,,universitaria-ueg-tv-go-goiania,,,,confirmada,Mapa TVU,,,,,
legislativa-municipal-tv-camara-go-jatai,TV Câmara,GO,Jataí,legislativa_municipal,,https://www.camara.leg.br/tv/aovivo/embed,,legislativa-municipal-tv-camara-go-jatai,,,,confirmada,Sinal digital confirmado pela Câmara dos Deputados; canal 3.1; implantação 1º semestre de 2026.,,,,,
legislativa-municipal-tv-camara-go-mineiros,TV Câmara,GO,Mineiros,legislativa_municipal,,https://www.camara.leg.br/tv/aovivo/embed,,legislativa-municipal-tv-camara-go-mineiros,,,,confirmada,Sinal digital confirmado pela Câmara dos Deputados; canal 9.1; implantação 1º semestre de 2026.,,,,,
legislativa-estadual-tv-assembleia-ma-ma-sao-luis,TV Assembleia MA,MA,São Luís,legislativa_estadual,https://www.al.ma.leg.br/,,,legislativa-estadual-tv-assembleia-ma-ma-sao-luis,,,,confirmada,,,,,,
legislativa-federal-tv-camara-ma-sao-luis,TV Câmara,MA,São Luís,legislativa_federal,,https://www.camara.leg.br/tv/aovivo/embed,,legislativa-federal-tv-camara-ma-sao-luis,,,,confirmada,Sinal digital confirmado na página oficial de sintonia; canal 9.4.,,,,,
universitaria-tv-ifma-ma-sao-luis,TV IFMA,MA,São Luís,universitaria,,,,universitaria-tv-ifma-ma-sao-luis,,,confirmada,Mapa TVU,,,,,,
universitaria-tv-ufma-ma-sao-luis,TV UFMA,MA,São Luís,universitaria,,,,universitaria-tv-ufma-ma-sao-luis,,,confirmada,Mapa TVU,,,,,,
universitaria-uema-tv-ma-sao-luis,UEMA TV,MA,São Luís,universitaria,,,https://www.youtube.com/,universitaria-uema-tv-ma-sao-luis,,,,confirmada,Mapa TVU,,,,,
legislativa-estadual-tv-assembleia-mg-mg-belo-horizonte,TV Assembleia MG,MG,Belo Horizonte,legislativa_estadual,https://www.almg.gov.br/comunicacao/tv-assembleia/,,,legislativa-estadual-tv-assembleia-mg-mg-belo-horizonte,,,,confirmada,,,,,,
legislativa-federal-tv-camara-mg-belo-horizonte,TV Câmara,MG,Belo Horizonte,legislativa_federal,,https://www.camara.leg.br/tv/aovivo/embed,,legislativa-federal-tv-camara-mg-belo-horizonte,,,,confirmada,Sinal digital confirmado na página oficial de sintonia; canal 11.1.,,,,,
universitaria-tv-promove-mg-belo-horizonte,TV Promove,MG,Belo Horizonte,universitaria,,,https://www.youtube.com/c/TVPromove/,universitaria-tv-promove-mg-belo-horizonte,,,,confirmada,Mapa TVU,,,,,
universitaria-tv-ufmg-mg-belo-horizonte,TV UFMG,MG,Belo Horizonte,universitaria,https://www.ufmg.br/online/tv/,,https://www.youtube.com/user/tvufmg,universitaria-tv-ufmg-mg-belo-horizonte,,,,confirmada,Mapa TVU,,,,,
legislativa-municipal-tv-camara-mg-capelinha,TV Câmara,MG,Capelinha,legislativa_municipal,,https://www.camara.leg.br/tv/aovivo/embed,,legislativa-municipal-tv-camara-mg-capelinha,,,,confirmada,Sinal digital confirmado pela Câmara dos Deputados; canal 10.1; implantação 1º semestre de 2026.,,,,,
legislativa-municipal-tv-camara-mg-coronel-fabriciano,TV Câmara,MG,Coronel Fabriciano,legislativa_municipal,,https://www.camara.leg.br/tv/aovivo/embed,,legislativa-municipal-tv-camara-mg-coronel-fabriciano,,,,confirmada,Sinal digital confirmado pela Câmara dos Deputados; canal 9.1; implantação 1º semestre de 2026.,,,,,
universitaria-tv-unifor-mg-mg-formiga,TV UNIFOR-MG,MG,Formiga,universitaria,,,https://www.youtube.com/user/UNIFORMACAO1,universitaria-tv-unifor-mg-mg-formiga,,,,confirmada,Mapa TVU,,,,,
legislativa-federal-tv-camara-mg-juiz-de-fora,TV Câmara,MG,Juiz de Fora,legislativa_federal,,https://www.camara.leg.br/tv/aovivo/embed,,legislativa-federal-tv-camara-mg-juiz-de-fora,,,,confirmada,Sinal digital confirmado na página oficial de sintonia; canal 35.1.,,,,,
universitaria-tv-nupes-mg-juiz-de-fora,TV NUPES,MG,Juiz de Fora,universitaria,http://www.ufjf.br/nupes/,,https://www.youtube.com/user/nupesufjf/,universitaria-tv-nupes-mg-juiz-de-fora,,,,confirmada,Mapa TVU,,,,,
universitaria-tv-ufjf-mg-juiz-de-fora,TV UFJF,MG,Juiz de Fora,universitaria,,,,universitaria-tv-ufjf-mg-juiz-de-fora,,,confirmada,Mapa TVU,,,,,,
legislativa-federal-tv-camara-mg-lavras,TV Câmara,MG,Lavras,legislativa_federal,,https://www.camara.leg.br/tv/aovivo/embed,,legislativa-federal-tv-camara-mg-lavras,,,,confirmada,Sinal digital confirmado na página oficial de sintonia; canal 6.1.,,,,,
legislativa-federal-tv-camara-mg-montes-claros,TV Câmara,MG,Montes Claros,legislativa_federal,,https://www.camara.leg.br/tv/aovivo/embed,,legislativa-federal-tv-camara-mg-montes-claros,,,,confirmada,Sinal digital confirmado na página oficial de sintonia; canal 5.1.,,,,,
universitaria-tv-ufop-mg-ouro-preto,TV UFOP,MG,Ouro Preto,universitaria,https://ufop.br/tv-ufop,,https://www.youtube.com/user/tvufop,universitaria-tv-ufop-mg-ouro-preto,,,,confirmada,Mapa TVU,,,,,
legislativa-federal-tv-camara-mg-pouso-alegre,TV Câmara,MG,Pouso Alegre,legislativa_federal,,https://www.camara.leg.br/tv/aovivo/embed,,legislativa-federal-tv-camara-mg-pouso-alegre,,,,confirmada,Sinal digital confirmado na página oficial de sintonia; canal 18.1.,,,,,
universitaria-tv-ifsuldeminas-mg-pouso-alegre,TV IFSULDEMINAS,MG,Pouso Alegre,universitaria,,,,universitaria-tv-ifsuldeminas-mg-pouso-alegre,,,confirmada,Mapa TVU,,,,,,
universitaria-tv-inatel-mg-santa-rita-do-sapucai,TV INATEL,MG,Santa Rita do Sapucaí,universitaria,,,,universitaria-tv-inatel-mg-santa-rita-do-sapucai,,,confirmada,Mapa TVU,,,,,,
legislativa-federal-tv-camara-mg-sete-lagoas,TV Câmara,MG,Sete Lagoas,legislativa_federal,,https://www.camara.leg.br/tv/aovivo/embed,,legislativa-federal-tv-camara-mg-sete-lagoas,,,,confirmada,Sinal digital confirmado na página oficial de sintonia; canal 11.1.,,,,,
legislativa-municipal-tv-camara-mg-sao-francisco,TV Câmara,MG,São Francisco,legislativa_municipal,,https://www.camara.leg.br/tv/aovivo/embed,,legislativa-municipal-tv-camara-mg-sao-francisco,,,,confirmada,Sinal digital confirmado pela Câmara dos Deputados; canal 9.1; implantação 1º semestre de 2026.,,,,,
universitaria-tv-ufsj-mg-sao-joao-del-rei,TV UFSJ,MG,São João del-Rei,universitaria,,,https://www.youtube.com/user/tvufsj/,universitaria-tv-ufsj-mg-sao-joao-del-rei,,,,confirmada,Mapa TVU,,,,,
legislativa-federal-tv-camara-mg-uberaba,TV Câmara,MG,Uberaba,legislativa_federal,,https://www.camara.leg.br/tv/aovivo/embed,,legislativa-federal-tv-camara-mg-uberaba,,,,confirmada,Sinal digital confirmado na página oficial de sintonia; canal 4.1.,,,,,
legislativa-federal-tv-camara-mg-uberlandia,TV Câmara,MG,Uberlândia,legislativa_federal,,https://www.camara.leg.br/tv/aovivo/embed,,legislativa-federal-tv-camara-mg-uberlandia,,,,confirmada,Sinal digital confirmado na página oficial de sintonia; canal 9.1.,,,,,
universitaria-tv-pantanal-uniderp-ms-campo-grande,TV Pantanal UNIDERP,MS,Campo Grande,universitaria,https://tvpantanal.blogspot.com,,https://www.youtube.com/user/TVPantanalUniderp,universitaria-tv-pantanal-uniderp-ms-campo-grande,,,,confirmada,Mapa TVU,,,,,
universitaria-tv-ufms-ms-campo-grande,TV UFMS,MS,Campo Grande,universitaria,https://www.ufms.br/universidade/midia/tvu/,https://www.ufms.br/universidade/midia/tvu/,https://www.youtube.com/c/tvufms/,universitaria-tv-ufms-ms-campo-grande,,,,confirmada,Mapa TVU,,,,,
legislativa-estadual-tv-almt-mt-cuiaba,TV ALMT,MT,Cuiabá,legislativa_estadual,https://www.al.mt.gov.br/,,,legislativa-estadual-tv-almt-mt-cuiaba,,,,confirmada,,,,,,
legislativa-federal-tv-camara-mt-cuiaba,TV Câmara,MT,Cuiabá,legislativa_federal,,https://www.camara.leg.br/tv/aovivo/embed,,legislativa-federal-tv-camara-mt-cuiaba,,,,confirmada,Sinal digital confirmado na página oficial de sintonia; canal 3.1.,,,,,
universitaria-tv-ufmt-mt-cuiaba,TV UFMT,MT,Cuiabá,universitaria,,,,universitaria-tv-ufmt-mt-cuiaba,,,confirmada,Mapa TVU,,,,,,
legislativa-municipal-tv-camara-mt-rondonopolis,TV Câmara,MT,Rondonópolis,legislativa_municipal,,https://www.camara.leg.br/tv/aovivo/embed,,legislativa-municipal-tv-camara-mt-rondonopolis,,,,confirmada,Sinal digital confirmado pela Câmara dos Deputados; canal 10.1; implantação 1º semestre de 2026.,,,,,
legislativa-municipal-tv-camara-mt-sapezal,TV Câmara,MT,Sapezal,legislativa_municipal,,https://www.camara.leg.br/tv/aovivo/embed,,legislativa-municipal-tv-camara-mt-sapezal,,,,confirmada,Sinal digital confirmado pela Câmara dos Deputados; canal 10.1; implantação 1º semestre de 2026.,,,,,
legislativa-estadual-tv-alepa-pa-belem,TV ALEPA,PA,Belém,legislativa_estadual,https://www.alepa.pa.gov.br/,,,legislativa-estadual-tv-alepa-pa-belem,,,,confirmada,,,,,,
legislativa-federal-tv-camara-pa-belem,TV Câmara,PA,Belém,legislativa_federal,,https://www.camara.leg.br/tv/aovivo/embed,,legislativa-federal-tv-camara-pa-belem,,,,confirmada,Sinal digital confirmado na página oficial de sintonia; canal 8.4.,,,,,
universitaria-tv-ufpa-pa-belem,TV UFPA,PA,Belém,universitaria,,,https://www.youtube.com/tvufpa/,universitaria-tv-ufpa-pa-belem,,,,confirmada,Mapa TVU,,,,,
legislativa-municipal-tv-camara-pa-parauapebas,TV Câmara,PA,Parauapebas,legislativa_municipal,,https://www.camara.leg.br/tv/aovivo/embed,,legislativa-municipal-tv-camara-pa-parauapebas,,,,confirmada,Sinal digital confirmado pela Câmara dos Deputados; canal 14.1; implantação 1º semestre de 2026.,,,,,
legislativa-municipal-tv-camara-pa-tucurui,TV Câmara,PA,Tucuruí,legislativa_municipal,,https://www.camara.leg.br/tv/aovivo/embed,,legislativa-municipal-tv-camara-pa-tucurui,,,,confirmada,Sinal digital confirmado pela Câmara dos Deputados; canal 9.1; implantação 1º semestre de 2026.,,,,,
legislativa-federal-tv-camara-pb-campina-grande,TV Câmara,PB,Campina Grande,legislativa_federal,,https://www.camara.leg.br/tv/aovivo/embed,,legislativa-federal-tv-camara-pb-campina-grande,,,,confirmada,Sinal digital confirmado na página oficial de sintonia; canal 8.1.,,,,,
universitaria-tv-uepb-pb-campina-grande,TV UEPB,PB,Campina Grande,universitaria,,,,universitaria-tv-uepb-pb-campina-grande,,,confirmada,Mapa TVU,,,,,,
legislativa-municipal-tv-camara-pb-cuite,TV Câmara,PB,Cuité,legislativa_municipal,,https://www.camara.leg.br/tv/aovivo/embed,,legislativa-municipal-tv-camara-pb-cuite,,,,confirmada,Sinal digital confirmado pela Câmara dos Deputados; canal 6.1; implantação 1º semestre de 2026.,,,,,
legislativa-estadual-tv-alpb-pb-joao-pessoa,TV ALPB,PB,João Pessoa,legislativa_estadual,https://www.al.pb.leg.br/,,,legislativa-estadual-tv-alpb-pb-joao-pessoa,,,,confirmada,,,,,,
legislativa-federal-tv-camara-pb-joao-pessoa,TV Câmara,PB,João Pessoa,legislativa_federal,,https://www.camara.leg.br/tv/aovivo/embed,,legislativa-federal-tv-camara-pb-joao-pessoa,,,,confirmada,Sinal digital confirmado na página oficial de sintonia; canal 8.4.,,,,,
universitaria-tv-ifpb-pb-joao-pessoa,TV IFPB,PB,João Pessoa,universitaria,,,,universitaria-tv-ifpb-pb-joao-pessoa,,,confirmada,Mapa TVU,,,,,,
universitaria-tv-ufpb-pb-joao-pessoa,TV UFPB,PB,João Pessoa,universitaria,,,,universitaria-tv-ufpb-pb-joao-pessoa,,,confirmada,Mapa TVU,,,,,,
legislativa-federal-tv-camara-pb-patos,TV Câmara,PB,Patos,legislativa_federal,,https://www.camara.leg.br/tv/aovivo/embed,,legislativa-federal-tv-camara-pb-patos,,,,confirmada,Sinal digital confirmado na página oficial de sintonia; canal 8.1.,,,,,
legislativa-federal-tv-camara-pe-caruaru,TV Câmara,PE,Caruaru,legislativa_federal,,https://www.camara.leg.br/tv/aovivo/embed,,legislativa-federal-tv-camara-pe-caruaru,,,,confirmada,Sinal digital confirmado na página oficial de sintonia; canal 22.1.,,,,,
legislativa-estadual-tv-alepe-pe-recife,TV ALEPE,PE,Recife,legislativa_estadual,https://www.alepe.pe.gov.br/,,,legislativa-estadual-tv-alepe-pe-recife,,,,confirmada,,,,,,
legislativa-federal-tv-camara-pe-recife,TV Câmara,PE,Recife,legislativa_federal,,https://www.camara.leg.br/tv/aovivo/embed,,legislativa-federal-tv-camara-pe-recife,,,,confirmada,Sinal digital confirmado na página oficial de sintonia; canal 10.1.,,,,,
universitaria-tvu-recife-pe-recife,TVU Recife,PE,Recife,universitaria,,,,universitaria-tvu-recife-pe-recife,,,confirmada,Mapa TVU,,,,,,
universitaria-ufpi-tv-pi-teresina,UFPI TV,PI,Teresina,universitaria,,,,universitaria-ufpi-tv-pi-teresina,,,confirmada,Mapa TVU,,,,,,
legislativa-municipal-tv-camara-pr-arapongas,TV Câmara,PR,Arapongas,legislativa_municipal,,https://www.camara.leg.br/tv/aovivo/embed,,legislativa-municipal-tv-camara-pr-arapongas,,,,confirmada,Sinal digital confirmado pela Câmara dos Deputados; canal 11.1; implantação 1º semestre de 2026.,,,,,
legislativa-municipal-tv-camara-pr-assis-chateaubriand,TV Câmara,PR,Assis Chateaubriand,legislativa_municipal,,https://www.camara.leg.br/tv/aovivo/embed,,legislativa-municipal-tv-camara-pr-assis-chateaubriand,,,,confirmada,Sinal digital confirmado pela Câmara dos Deputados; canal 9.1; implantação 1º semestre de 2026.,,,,,
legislativa-federal-tv-camara-pr-curitiba,TV Câmara,PR,Curitiba,legislativa_federal,,https://www.camara.leg.br/tv/aovivo/embed,,legislativa-federal-tv-camara-pr-curitiba,,,,confirmada,Sinal digital confirmado na página oficial de sintonia; canal 10.4.,,,,,
universitaria-ufpr-tv-pr-curitiba,UFPR TV,PR,Curitiba,universitaria,,,,universitaria-ufpr-tv-pr-curitiba,,,confirmada,Mapa TVU,,,,,,
universitaria-udc-noticias-tv-pr-foz-do-iguacu,UDC Notícias TV,PR,Foz do Iguaçu,universitaria,,,https://www.youtube.com/c/UDCNOTÍCIAS/,universitaria-udc-noticias-tv-pr-foz-do-iguacu,,,,confirmada,Mapa TVU,,,,,
legislativa-municipal-tv-camara-pr-francisco-beltrao,TV Câmara,PR,Francisco Beltrão,legislativa_municipal,,https://www.camara.leg.br/tv/aovivo/embed,,legislativa-municipal-tv-camara-pr-francisco-beltrao,,,,confirmada,Sinal digital confirmado pela Câmara dos Deputados; canal 10.1; implantação 1º semestre de 2026.,,,,,
universitaria-tv-unicentro-pr-guarapuava,TV UNICENTRO,PR,Guarapuava,universitaria,,,,universitaria-tv-unicentro-pr-guarapuava,,,confirmada,Mapa TVU,,,,,,
legislativa-municipal-tv-camara-pr-jacarezinho,TV Câmara,PR,Jacarezinho,legislativa_municipal,,https://www.camara.leg.br/tv/aovivo/embed,,legislativa-municipal-tv-camara-pr-jacarezinho,,,,confirmada,Sinal digital confirmado pela Câmara dos Deputados; canal 9.1; implantação 1º semestre de 2026.,,,,,
legislativa-municipal-tv-camara-pr-marechal-candido-rondon,TV Câmara,PR,Marechal Cândido Rondon,legislativa_municipal,,https://www.camara.leg.br/tv/aovivo/embed,,legislativa-municipal-tv-camara-pr-marechal-candido-rondon,,,,confirmada,Sinal digital confirmado pela Câmara dos Deputados; canal 10.1; implantação 1º semestre de 2026.,,,,,
universitaria-uem-tv-pr-maringa,UEM TV,PR,Maringá,universitaria,http://www.tv.uem.br/,,https://www.youtube.com/uemtv,universitaria-uem-tv-pr-maringa,,,,confirmada,Mapa TVU,,,,,
legislativa-municipal-tv-camara-pr-paranagua,TV Câmara,PR,Paranaguá,legislativa_municipal,,https://www.camara.leg.br/tv/aovivo/embed,,legislativa-municipal-tv-camara-pr-paranagua,,,,confirmada,Sinal digital confirmado pela Câmara dos Deputados; canal 13.1; implantação 1º semestre de 2026.,,,,,
legislativa-municipal-tv-camara-pr-paranavai,TV Câmara,PR,Paranavaí,legislativa_municipal,,https://www.camara.leg.br/tv/aovivo/embed,,legislativa-municipal-tv-camara-pr-paranavai,,,,confirmada,Sinal digital confirmado pela Câmara dos Deputados; canal 9.1; implantação 1º semestre de 2026.,,,,,
universitaria-tv-ucp-pr-ponta-grossa,TV UCP,PR,Ponta Grossa,universitaria,,,,universitaria-tv-ucp-pr-ponta-grossa,,,confirmada,Mapa TVU,,,,,,
legislativa-municipal-tv-camara-rj-angra-dos-reis,TV Câmara,RJ,Angra dos Reis,legislativa_municipal,,https://www.camara.leg.br/tv/aovivo/embed,,legislativa-municipal-tv-camara-rj-angra-dos-reis,,,,confirmada,Sinal digital confirmado pela Câmara dos Deputados; canal 12.1; implantação 1º semestre de 2026.,,,,,
legislativa-federal-tv-camara-rj-campos-dos-goytacazes,TV Câmara,RJ,Campos dos Goytacazes,legislativa_federal,,https://www.camara.leg.br/tv/aovivo/embed,,legislativa-federal-tv-camara-rj-campos-dos-goytacazes,,,,confirmada,Sinal digital confirmado na página oficial de sintonia; canal 19.1.,,,,,
legislativa-estadual-tv-alerj-rj-rio-de-janeiro,TV ALERJ,RJ,Rio de Janeiro,legislativa_estadual,https://www.alerj.rj.gov.br/,,,legislativa-estadual-tv-alerj-rj-rio-de-janeiro,,,,confirmada,,,,,,
legislativa-federal-tv-camara-rj-rio-de-janeiro,TV Câmara,RJ,Rio de Janeiro,legislativa_federal,,https://www.camara.leg.br/tv/aovivo/embed,,legislativa-federal-tv-camara-rj-rio-de-janeiro,,,,confirmada,Sinal digital confirmado na página oficial de sintonia; canal 10.4.,,,,,
universitaria-tv-puc-rio-rj-rio-de-janeiro,TV PUC-Rio,RJ,Rio de Janeiro,universitaria,,,,universitaria-tv-puc-rio-rj-rio-de-janeiro,,,confirmada,Mapa TVU,,,,,,
universitaria-tv-uerj-rj-rio-de-janeiro,TV UERJ,RJ,Rio de Janeiro,universitaria,,,,universitaria-tv-uerj-rj-rio-de-janeiro,,,confirmada,Mapa TVU,,,,,,
legislativa-municipal-tv-camara-rn-mossoro,TV Câmara,RN,Mossoró,legislativa_municipal,,https://www.camara.leg.br/tv/aovivo/embed,,legislativa-municipal-tv-camara-rn-mossoro,,,,confirmada,Sinal digital confirmado pela Câmara dos Deputados; canal 22.1; implantação 1º semestre de 2026.,,,,,
universitaria-tv-ufersa-rn-mossoro,TV UFERSA,RN,Mossoró,universitaria,,,,universitaria-tv-ufersa-rn-mossoro,,,confirmada,Mapa TVU,,,,,,
universitaria-uern-tv-rn-mossoro,UERN TV,RN,Mossoró,universitaria,,,,universitaria-uern-tv-rn-mossoro,,,confirmada,Mapa TVU,,,,,,
legislativa-federal-tv-camara-rn-natal,TV Câmara,RN,Natal,legislativa_federal,,https://www.camara.leg.br/tv/aovivo/embed,,legislativa-federal-tv-camara-rn-natal,,,,confirmada,Sinal digital confirmado na página oficial de sintonia; canal 10.1.,,,,,
universitaria-tvu-rn-rn-natal,TVU RN,RN,Natal,universitaria,,,,universitaria-tvu-rn-rn-natal,,,confirmada,Mapa TVU,,,,,,
legislativa-federal-tv-camara-ro-porto-velho,TV Câmara,RO,Porto Velho,legislativa_federal,,https://www.camara.leg.br/tv/aovivo/embed,,legislativa-federal-tv-camara-ro-porto-velho,,,,confirmada,Sinal digital confirmado na página oficial de sintonia; canal 7.4.,,,,,
universitaria-tv-unir-ro-porto-velho,TV UNIR,RO,Porto Velho,universitaria,,,,universitaria-tv-unir-ro-porto-velho,,,confirmada,Mapa TVU,,,,,,
legislativa-federal-tv-camara-rr-boa-vista,TV Câmara,RR,Boa Vista,legislativa_federal,,https://www.camara.leg.br/tv/aovivo/embed,,legislativa-federal-tv-camara-rr-boa-vista,,,,confirmada,Sinal digital confirmado na página oficial de sintonia; canal 57.3.,,,,,
universitaria-tv-ufrr-rr-boa-vista,TV UFRR,RR,Boa Vista,universitaria,,,,universitaria-tv-ufrr-rr-boa-vista,,,confirmada,Mapa TVU,,,,,,
legislativa-federal-tv-camara-rs-bage,TV Câmara,RS,Bagé,legislativa_federal,,https://www.camara.leg.br/tv/aovivo/embed,,legislativa-federal-tv-camara-rs-bage,,,,confirmada,Sinal digital confirmado na página oficial de sintonia; canal 5.1.,,,,,
legislativa-municipal-tv-camara-rs-caxias-do-sul,TV Câmara,RS,Caxias do Sul,legislativa_municipal,,https://www.camara.leg.br/tv/aovivo/embed,,legislativa-municipal-tv-camara-rs-caxias-do-sul,,,,confirmada,Sinal digital confirmado pela Câmara dos Deputados; canal 11.1; implantação 1º semestre de 2026.,,,,,
universitaria-ucsplay-rs-caxias-do-sul,UCSplay,RS,Caxias do Sul,universitaria,,,,universitaria-ucsplay-rs-caxias-do-sul,,,confirmada,Mapa TVU,,,,,,
universitaria-unicruz-play-rs-cruz-alta,UNICRUZ Play,RS,Cruz Alta,universitaria,,,,universitaria-unicruz-play-rs-cruz-alta,,,confirmada,Mapa TVU,,,,,,
universitaria-tv-feevale-rs-novo-hamburgo,TV Feevale,RS,Novo Hamburgo,universitaria,,,,universitaria-tv-feevale-rs-novo-hamburgo,,,confirmada,Mapa TVU,,,,,,
universitaria-upftv-rs-passo-fundo,UPFTV,RS,Passo Fundo,universitaria,,,,universitaria-upftv-rs-passo-fundo,,,confirmada,Mapa TVU,,,,,,
legislativa-federal-tv-camara-rs-pelotas,TV Câmara,RS,Pelotas,legislativa_federal,,https://www.camara.leg.br/tv/aovivo/embed,,legislativa-federal-tv-camara-rs-pelotas,,,,confirmada,Sinal digital confirmado na página oficial de sintonia; canal 21.1.,,,,,
universitaria-em-pauta-ufpel-rs-pelotas,Em Pauta UFPel,RS,Pelotas,universitaria,,,,universitaria-em-pauta-ufpel-rs-pelotas,,,confirmada,Mapa TVU,,,,,,
legislativa-estadual-tv-assembleia-rs-rs-porto-alegre,TV Assembleia RS,RS,Porto Alegre,legislativa_estadual,https://www.al.rs.gov.br/tvassembleia/,,,legislativa-estadual-tv-assembleia-rs-rs-porto-alegre,,,,confirmada,,,,,,
legislativa-federal-tv-camara-rs-porto-alegre,TV Câmara,RS,Porto Alegre,legislativa_federal,,https://www.camara.leg.br/tv/aovivo/embed,,legislativa-federal-tv-camara-rs-porto-alegre,,,,confirmada,Sinal digital confirmado na página oficial de sintonia; canal 11.1.,,,,,
universitaria-tv-teia-rs-porto-alegre,TV TEIA,RS,Porto Alegre,universitaria,,,,universitaria-tv-teia-rs-porto-alegre,,,confirmada,Mapa TVU,,,,,,
universitaria-ufrgs-tv-rs-porto-alegre,UFRGS TV,RS,Porto Alegre,universitaria,,,,universitaria-ufrgs-tv-rs-porto-alegre,,,confirmada,Mapa TVU,,,,,,
legislativa-federal-tv-camara-rs-rio-grande,TV Câmara,RS,Rio Grande,legislativa_federal,,https://www.camara.leg.br/tv/aovivo/embed,,legislativa-federal-tv-camara-rs-rio-grande,,,,confirmada,Sinal digital confirmado na página oficial de sintonia; canal 8.1.,,,,,
universitaria-furg-tv-rs-rio-grande,FURG TV,RS,Rio Grande,universitaria,,,,universitaria-furg-tv-rs-rio-grande,,,confirmada,Mapa TVU,,,,,,
universitaria-unisc-tv-rs-santa-cruz-do-sul,UNISC TV,RS,Santa Cruz do Sul,universitaria,,,,universitaria-unisc-tv-rs-santa-cruz-do-sul,,,confirmada,Mapa TVU,,,,,,
legislativa-federal-tv-camara-rs-santa-maria,TV Câmara,RS,Santa Maria,legislativa_federal,,https://www.camara.leg.br/tv/aovivo/embed,,legislativa-federal-tv-camara-rs-santa-maria,,,,confirmada,Sinal digital confirmado na página oficial de sintonia; canal 18.1.,,,,,
universitaria-tv-campus-ufsm-rs-santa-maria,TV Campus UFSM,RS,Santa Maria,universitaria,,,,universitaria-tv-campus-ufsm-rs-santa-maria,,,confirmada,Mapa TVU,,,,,,
universitaria-webtv-if-farroupilha-rs-santa-maria,WebTV IF Farroupilha,RS,Santa Maria,universitaria,,,,universitaria-webtv-if-farroupilha-rs-santa-maria,,,confirmada,Mapa TVU,,,,,,
universitaria-tv-unisinos-rs-sao-leopoldo,TV UNISINOS,RS,São Leopoldo,universitaria,,,,universitaria-tv-unisinos-rs-sao-leopoldo,,,confirmada,Mapa TVU,,,,,,
universitaria-tv-uffs-rs-sao-pedro,TV UFFS,RS,São Pedro,universitaria,,,,universitaria-tv-uffs-rs-sao-pedro,,,confirmada,Mapa TVU,,,,,,
legislativa-municipal-tv-camara-rs-venancio-aires,TV Câmara,RS,Venâncio Aires,legislativa_municipal,,https://www.camara.leg.br/tv/aovivo/embed,,legislativa-municipal-tv-camara-rs-venancio-aires,,,,confirmada,Sinal digital confirmado pela Câmara dos Deputados; canal 9.1; implantação 1º semestre de 2026.,,,,,
universitaria-tv-unesc-sc-criciuma,TV UNESC,SC,Criciúma,universitaria,,,,universitaria-tv-unesc-sc-criciuma,,,confirmada,Mapa TVU,,,,,,
legislativa-estadual-tv-assembleia-sc-sc-florianopolis,TV Assembleia SC,SC,Florianópolis,legislativa_estadual,https://www.alesc.sc.gov.br/,,,legislativa-estadual-tv-assembleia-sc-sc-florianopolis,,,,confirmada,,,,,,
legislativa-federal-tv-camara-sc-florianopolis,TV Câmara,SC,Florianópolis,legislativa_federal,,https://www.camara.leg.br/tv/aovivo/embed,,legislativa-federal-tv-camara-sc-florianopolis,,,,confirmada,Sinal digital confirmado na página oficial de sintonia; canal 11.1.,,,,,
universitaria-tv-ufsc-sc-florianopolis,TV UFSC,SC,Florianópolis,universitaria,http://tv.ufsc.br/,,https://www.youtube.com/user/tvufsc/,universitaria-tv-ufsc-sc-florianopolis,,,,confirmada,Mapa TVU,,,,,
universitaria-tv-univali-sc-itajai,TV UNIVALI,SC,Itajaí,universitaria,,,,universitaria-tv-univali-sc-itajai,,,confirmada,Mapa TVU,,,,,,
legislativa-federal-tv-camara-sc-sao-jose,TV Câmara,SC,São José,legislativa_federal,,https://www.camara.leg.br/tv/aovivo/embed,,legislativa-federal-tv-camara-sc-sao-jose,,,,confirmada,Sinal digital confirmado na página oficial de sintonia; canal 10.4.,,,,,
universitaria-unisul-tv-sc-tubarao,Unisul TV,SC,Tubarão,universitaria,,,,universitaria-unisul-tv-sc-tubarao,,,confirmada,Mapa TVU,,,,,,
legislativa-estadual-tv-alese-se-aracaju,TV ALESE,SE,Aracaju,legislativa_estadual,https://al.se.leg.br/,,,legislativa-estadual-tv-alese-se-aracaju,,,,confirmada,,,,,,
legislativa-federal-tv-camara-se-aracaju,TV Câmara,SE,Aracaju,legislativa_federal,,https://www.camara.leg.br/tv/aovivo/embed,,legislativa-federal-tv-camara-se-aracaju,,,,confirmada,Sinal digital confirmado na página oficial de sintonia; canal 5.4.,,,,,
legislativa-municipal-tv-camara-se-lagarto,TV Câmara,SE,Lagarto,legislativa_municipal,,https://www.camara.leg.br/tv/aovivo/embed,,legislativa-municipal-tv-camara-se-lagarto,,,,confirmada,Sinal digital confirmado pela Câmara dos Deputados; canal 9.1; implantação 1º semestre de 2026.,,,,,
universitaria-tv-ufs-se-sao-cristovao,TV UFS,SE,São Cristóvão,universitaria,https://produtora.ufs.br/,,https://www.youtube.com/user/ufsoficial/,universitaria-tv-ufs-se-sao-cristovao,,,,confirmada,Mapa TVU,,,,,
legislativa-federal-tv-camara-sp-assis,TV Câmara,SP,Assis,legislativa_federal,,https://www.camara.leg.br/tv/aovivo/embed,,legislativa-federal-tv-camara-sp-assis,,,,confirmada,Sinal digital confirmado na página oficial de sintonia; canal 61.1.,,,,,
legislativa-federal-tv-camara-sp-barretos,TV Câmara,SP,Barretos,legislativa_federal,,https://www.camara.leg.br/tv/aovivo/embed,,legislativa-federal-tv-camara-sp-barretos,,,,confirmada,Sinal digital confirmado na página oficial de sintonia; canal 61.1.,,,,,
legislativa-federal-tv-camara-sp-bauru,TV Câmara,SP,Bauru,legislativa_federal,,https://www.camara.leg.br/tv/aovivo/embed,,legislativa-federal-tv-camara-sp-bauru,,,,confirmada,Sinal digital confirmado na página oficial de sintonia; canal 60.1.,,,,,
universitaria-tv-fib-sp-bauru,TV FIB,SP,Bauru,universitaria,https://fibbauru.br/tv-fib,,https://www.youtube.com/user/MarketingFIBauru,universitaria-tv-fib-sp-bauru,,,,confirmada,Mapa TVU,,,,,
universitaria-tv-unesp-sp-bauru,TV Unesp,SP,Bauru,universitaria,,,,universitaria-tv-unesp-sp-bauru,,,confirmada,Mapa TVU,,,,,,
legislativa-federal-tv-camara-sp-birigui,TV Câmara,SP,Birigui,legislativa_federal,,https://www.camara.leg.br/tv/aovivo/embed,,legislativa-federal-tv-camara-sp-birigui,,,,confirmada,Sinal digital confirmado na página oficial de sintonia; canal 18.1.,,,,,
legislativa-federal-tv-camara-sp-botucatu,TV Câmara,SP,Botucatu,legislativa_federal,,https://www.camara.leg.br/tv/aovivo/embed,,legislativa-federal-tv-camara-sp-botucatu,,,,confirmada,Sinal digital confirmado na página oficial de sintonia; canal 31.1.,,,,,
legislativa-federal-tv-camara-sp-campinas,TV Câmara,SP,Campinas,legislativa_federal,,https://www.camara.leg.br/tv/aovivo/embed,,legislativa-federal-tv-camara-sp-campinas,,,,confirmada,Sinal digital confirmado na página oficial de sintonia; canal 11.1.,,,,,
universitaria-tv-puc-campinas-sp-campinas,TV PUC Campinas,SP,Campinas,universitaria,https://www.puc-campinas.edu.br/tv-puc/,,,universitaria-tv-puc-campinas-sp-campinas,,,,confirmada,Mapa TVU,,,,,
universitaria-tv-unicamp-sp-campinas,TV Unicamp,SP,Campinas,universitaria,,,,universitaria-tv-unicamp-sp-campinas,,,confirmada,Mapa TVU,,,,,,
legislativa-federal-tv-camara-sp-franca,TV Câmara,SP,Franca,legislativa_federal,,https://www.camara.leg.br/tv/aovivo/embed,,legislativa-federal-tv-camara-sp-franca,,,,confirmada,Sinal digital confirmado na página oficial de sintonia; canal 6.1.,,,,,
legislativa-federal-tv-camara-sp-itapetininga,TV Câmara,SP,Itapetininga,legislativa_federal,,https://www.camara.leg.br/tv/aovivo/embed,,legislativa-federal-tv-camara-sp-itapetininga,,,,confirmada,Sinal digital confirmado na página oficial de sintonia; canal 40.1.,,,,,
legislativa-federal-tv-camara-sp-jacarei,TV Câmara,SP,Jacareí,legislativa_federal,,https://www.camara.leg.br/tv/aovivo/embed,,legislativa-federal-tv-camara-sp-jacarei,,,,confirmada,Sinal digital confirmado na página oficial de sintonia; canal 61.1.,,,,,
legislativa-federal-tv-camara-sp-jau,TV Câmara,SP,Jaú,legislativa_federal,,https://www.camara.leg.br/tv/aovivo/embed,,legislativa-federal-tv-camara-sp-jau,,,,confirmada,Sinal digital confirmado na página oficial de sintonia; canal 61.1.,,,,,
legislativa-federal-tv-camara-sp-jundiai,TV Câmara,SP,Jundiaí,legislativa_federal,,https://www.camara.leg.br/tv/aovivo/embed,,legislativa-federal-tv-camara-sp-jundiai,,,,confirmada,Sinal digital confirmado na página oficial de sintonia; canal 12.1.,,,,,
legislativa-federal-tv-camara-sp-marilia,TV Câmara,SP,Marília,legislativa_federal,,https://www.camara.leg.br/tv/aovivo/embed,,legislativa-federal-tv-camara-sp-marilia,,,,confirmada,Sinal digital confirmado na página oficial de sintonia; canal 61.1.,,,,,
legislativa-federal-tv-camara-sp-mogi-das-cruzes,TV Câmara,SP,Mogi das Cruzes,legislativa_federal,,https://www.camara.leg.br/tv/aovivo/embed,,legislativa-federal-tv-camara-sp-mogi-das-cruzes,,,,confirmada,Sinal digital confirmado na página oficial de sintonia; canal 60.1.,,,,,
legislativa-municipal-tv-camara-sp-penapolis,TV Câmara,SP,Penápolis,legislativa_municipal,,https://www.camara.leg.br/tv/aovivo/embed,,legislativa-municipal-tv-camara-sp-penapolis,,,,confirmada,Sinal digital confirmado pela Câmara dos Deputados; canal 8.1; implantação 1º semestre de 2026.,,,,,
legislativa-municipal-tv-camara-sp-peruibe,TV Câmara,SP,Peruíbe,legislativa_municipal,,https://www.camara.leg.br/tv/aovivo/embed,,legislativa-municipal-tv-camara-sp-peruibe,,,,confirmada,Sinal digital confirmado pela Câmara dos Deputados; canal 11.1; implantação 1º semestre de 2026.,,,,,
legislativa-federal-tv-camara-sp-piracicaba,TV Câmara,SP,Piracicaba,legislativa_federal,,https://www.camara.leg.br/tv/aovivo/embed,,legislativa-federal-tv-camara-sp-piracicaba,,,,confirmada,Sinal digital confirmado na página oficial de sintonia; canal 11.1.,,,,,
universitaria-tv-unimep-sp-piracicaba,TV UNIMEP,SP,Piracicaba,universitaria,http://www.unimep.br/tvunimep/,,https://www.youtube.com/user/tvunimep,universitaria-tv-unimep-sp-piracicaba,,,,confirmada,Mapa TVU,,,,,
legislativa-federal-tv-camara-sp-ribeirao-preto,TV Câmara,SP,Ribeirão Preto,legislativa_federal,,https://www.camara.leg.br/tv/aovivo/embed,,legislativa-federal-tv-camara-sp-ribeirao-preto,,,,confirmada,Sinal digital confirmado na página oficial de sintonia; canal 6.1.,,,,,
legislativa-municipal-tv-camara-sp-santa-barbara-d-oeste,TV Câmara,SP,Santa Bárbara D'Oeste,legislativa_municipal,,https://www.camara.leg.br/tv/aovivo/embed,,legislativa-municipal-tv-camara-sp-santa-barbara-d-oeste,,,,confirmada,Sinal digital confirmado pela Câmara dos Deputados; canal 9.1; implantação 1º semestre de 2026.,,,,,
legislativa-federal-tv-camara-sp-sertaozinho,TV Câmara,SP,Sertãozinho,legislativa_federal,,https://www.camara.leg.br/tv/aovivo/embed,,legislativa-federal-tv-camara-sp-sertaozinho,,,,confirmada,Sinal digital confirmado na página oficial de sintonia; canal 46.1.,,,,,
universitaria-tv-federal-no-ar-sp-sertaozinho,TV Federal no Ar,SP,Sertãozinho,universitaria,http://www.federalnoar.com.br/,,https://www.youtube.com/c/RádioeTVInstitutoFederal/,universitaria-tv-federal-no-ar-sp-sertaozinho,,,,confirmada,Mapa TVU,,,,,
legislativa-federal-tv-camara-sp-sorocaba,TV Câmara,SP,Sorocaba,legislativa_federal,,https://www.camara.leg.br/tv/aovivo/embed,,legislativa-federal-tv-camara-sp-sorocaba,,,,confirmada,Sinal digital confirmado na página oficial de sintonia; canal 61.1.,,,,,
legislativa-federal-tv-camara-sp-sao-carlos,TV Câmara,SP,São Carlos,legislativa_federal,,https://www.camara.leg.br/tv/aovivo/embed,,legislativa-federal-tv-camara-sp-sao-carlos,,,,confirmada,Sinal digital confirmado na página oficial de sintonia; canal 49.1.,,,,,
universitaria-tv-ufscar-sp-sao-carlos,TV UFSCar,SP,São Carlos,universitaria,http://tv.ufscar.br/,,https://www.youtube.com/c/TVUFSCar,universitaria-tv-ufscar-sp-sao-carlos,,,,confirmada,Mapa TVU,,,,,
legislativa-federal-tv-camara-sp-sao-jose-do-rio-preto,TV Câmara,SP,São José do Rio Preto,legislativa_federal,,https://www.camara.leg.br/tv/aovivo/embed,,legislativa-federal-tv-camara-sp-sao-jose-do-rio-preto,,,,confirmada,Sinal digital confirmado na página oficial de sintonia; canal 61.1.,,,,,
legislativa-federal-tv-camara-sp-sao-jose-dos-campos,TV Câmara,SP,São José dos Campos,legislativa_federal,,https://www.camara.leg.br/tv/aovivo/embed,,legislativa-federal-tv-camara-sp-sao-jose-dos-campos,,,,confirmada,Sinal digital confirmado na página oficial de sintonia; canal 12.1.,,,,,
universitaria-tv-univap-sp-sao-jose-dos-campos,TV Univap,SP,São José dos Campos,universitaria,,,https://www.youtube.com/TVunivap/,universitaria-tv-univap-sp-sao-jose-dos-campos,,,,confirmada,Mapa TVU,,,,,
universitaria-tv-unifae-sp-sao-joao-da-boa-vista,TV UNIFAE,SP,São João da Boa Vista,universitaria,,,https://www.youtube.com/UNIFAEoficial/,universitaria-tv-unifae-sp-sao-joao-da-boa-vista,,,,confirmada,Mapa TVU,,,,,
legislativa-estadual-tv-assembleia-sp-sp-sao-paulo,TV Assembleia SP,SP,São Paulo,legislativa_estadual,https://www.al.sp.gov.br/tv/,,,legislativa-estadual-tv-assembleia-sp-sp-sao-paulo,,,,confirmada,,,,,,
legislativa-federal-tv-camara-sp-sao-paulo,TV Câmara,SP,São Paulo,legislativa_federal,,https://www.camara.leg.br/tv/aovivo/embed,,legislativa-federal-tv-camara-sp-sao-paulo,,,,confirmada,Sinal digital confirmado na página oficial de sintonia; canal 8.1.,,,,,
universitaria-tv-mackenzie-sp-sao-paulo,TV Mackenzie,SP,São Paulo,universitaria,,,,universitaria-tv-mackenzie-sp-sao-paulo,,,confirmada,Mapa TVU,,,,,,
universitaria-tv-puc-sao-paulo-sp-sao-paulo,TV PUC São Paulo,SP,São Paulo,universitaria,,,,universitaria-tv-puc-sao-paulo-sp-sao-paulo,,,confirmada,Mapa TVU,,,,,,
legislativa-federal-tv-camara-sp-tupa,TV Câmara,SP,Tupã,legislativa_federal,,https://www.camara.leg.br/tv/aovivo/embed,,legislativa-federal-tv-camara-sp-tupa,,,,confirmada,Sinal digital confirmado na página oficial de sintonia; canal 61.1.,,,,,
legislativa-municipal-tv-camara-sp-votuporanga,TV Câmara,SP,Votuporanga,legislativa_municipal,,https://www.camara.leg.br/tv/aovivo/embed,,legislativa-municipal-tv-camara-sp-votuporanga,,,,confirmada,Sinal digital confirmado pela Câmara dos Deputados; canal 11.1; implantação 1º semestre de 2026.,,,,,
legislativa-municipal-tv-camara-to-araguaina,TV Câmara,TO,Araguaína,legislativa_municipal,,https://www.camara.leg.br/tv/aovivo/embed,,legislativa-municipal-tv-camara-to-araguaina,,,,confirmada,Sinal digital confirmado pela Câmara dos Deputados; canal 17.1; implantação 1º semestre de 2026.,,,,,
legislativa-federal-tv-camara-to-palmas,TV Câmara,TO,Palmas,legislativa_federal,,https://www.camara.leg.br/tv/aovivo/embed,,legislativa-federal-tv-camara-to-palmas,,,,confirmada,Sinal digital confirmado na página oficial de sintonia; canal 10.1.,,,,,
